customer_id,name,age,gender,state,signup_date,email,phone_number,subscribe,age_bracket,signup_cohort,phone_valid
CUST0001,Gandi,26,Male,Sulawesi Utara,2025-05-05,gandi_96@example.com,8422757160,No,26-35,2025-05,Not Checked
CUST0002,Cecep,49,Male,Aceh,2025-06-02,cecep467@example.com,88171122035,No,46-60,2025-06,Not Checked
CUST0003,Artawan,26,Male,Jambi,2025-02-11,wahyuninovi@example.net,8692932468,Yes,26-35,2025-02,Not Checked
CUST0004,Mulya,61,Male,Nusa Tenggara Timur,2025-02-19,nnapitupulu@example.com,8515735210,Yes,60+,2025-02,Not Checked
CUST0005,Taufik,43,Male,Kepulauan Riau,2025-08-04,taufik_87@example.com,81034538051,Yes,36-45,2025-08,Not Checked
CUST0006,Genta,20,Female,Kalimantan Timur,2025-06-04,puyainah@example.com,818757946920,Yes,18-25,2025-06,Not Checked
CUST0007,Dimas,18,Male,Sumatera Barat,2024-11-14,224dimas@example.com,8189638436,No,<18,2024-11,Not Checked
CUST0008,Nilam,26,Female,Jawa Timur,2025-05-22,tariandriani@example.org,8649564474,Yes,26-35,2025-05,Not Checked
CUST0009,Emas,29,Male,Nusa Tenggara Timur,2023-11-30,emas288@example.com,8712019987,Yes,26-35,2023-11,Not Checked
CUST0010,Kani,64,Female,Kalimantan Utara,2025-03-05,asmiantosimbolon@example.org,8691418746,Yes,60+,2025-03,Not Checked
CUST0011,Putri,62,Female,Kepulauan Riau,2025-01-15,jailanidarsirah@example.org,811765466,Yes,60+,2025-01,Not Checked
CUST0012,Raditya,45,Male,Jawa Timur,2024-03-14,raditya_90@example.com,82220924900,Yes,36-45,2024-03,Not Checked
CUST0013,Olivia,21,Female,DKI Jakarta,2025-04-29,olivia35@example.com,88842000527,Yes,18-25,2025-04,Not Checked
CUST0014,Asmianto,35,Male,Sulawesi Tengah,2024-08-24,raharja94@example.net,830056278,Yes,26-35,2024-08,Not Checked
CUST0015,Karya,45,Male,Kalimantan Tengah,2024-05-16,prasastafebi@example.net,883184813718,Yes,36-45,2024-05,Not Checked
CUST0016,Enteng,18,Male,Kalimantan Tengah,2025-05-26,enteng782@example.com,819222439412,Yes,<18,2025-05,Not Checked
CUST0017,Belinda,27,Female,Sulawesi Utara,2024-12-15,belinda_94@example.com,87789167795,Yes,26-35,2024-12,Not Checked
CUST0018,Kania,54,Female,Jawa Tengah,2023-12-20,rusman50@example.org,82570741299,Yes,46-60,2023-12,Not Checked
CUST0019,Wirda,50,Female,Kalimantan Timur,2024-12-15,wirda_21@example.com,8167366035,Yes,46-60,2024-12,Not Checked
CUST0020,Ajimin,43,Male,Bengkulu,2024-10-09,ajimin354@example.com,857252618973,Yes,36-45,2024-10,Not Checked
CUST0514,Adinata,60,Male,Aceh,2023-12-11,bgunawan@example.net,8287301073,Yes,46-60,2023-12,Not Checked
CUST0021,Irfan,59,Male,Jawa Timur,2025-09-23,irfan560@example.com,89030985121,Yes,46-60,2025-09,Not Checked
CUST0022,Laras,25,Female,Gorontalo,2025-07-04,laras202@example.com,876149291,No,18-25,2025-07,Not Checked
CUST0023,Drajat,63,Male,Bengkulu,2023-11-08,586drajat@example.com,869239705010,Yes,60+,2023-11,Not Checked
CUST0024,Halima,49,Female,Sumatera Selatan,2024-05-28,vfirmansyah@example.com,8428991937,Yes,46-60,2024-05,Not Checked
CUST0025,Gina,25,Female,Sulawesi Tenggara,2024-12-29,kayla05@example.com,875066923,Yes,18-25,2024-12,Not Checked
CUST0026,Teddy,23,Male,Bengkulu,2024-12-07,hsihotang@example.net,801317419,Yes,18-25,2024-12,Not Checked
CUST0027,Elisa,21,Female,Sumatera Barat,2024-06-04,933elisa@example.com,888243008034,Yes,18-25,2024-06,Not Checked
CUST0028,Septi,43,Female,Bali,2024-11-14,septi362@example.com,856469458258,No,36-45,2024-11,Not Checked
CUST0029,Kiandra,52,Female,Jawa Barat,2024-02-28,hutapeadaryani@example.org,84150799109,Yes,46-60,2024-02,Not Checked
CUST0030,Hamima,61,Female,Kalimantan Barat,2024-09-16,ibrahimhartati@example.org,89959402600,Yes,60+,2024-09,Not Checked
CUST0031,Salimah,60,Female,Kalimantan Barat,2025-04-10,rafid56@example.org,8186096425,No,46-60,2025-04,Not Checked
CUST0032,Iriana,40,Female,Riau,2025-02-10,cagakkusumo@example.org,826260451,Yes,36-45,2025-02,Not Checked
CUST0033,Raden,47,Male,Kalimantan Selatan,2023-11-16,raden_6@example.com,8448856016,Yes,46-60,2023-11,Not Checked
CUST0034,Ani,39,Female,Kalimantan Barat,2025-08-08,ani_50@example.com,839710740771,No,36-45,2025-08,Not Checked
CUST0035,Yessi,21,Female,Gorontalo,2024-04-25,cawuk46@example.net,81027769908,No,18-25,2024-04,Not Checked
CUST0036,Amelia,28,Female,Sulawesi Tenggara,2025-06-13,phutapea@example.net,851504518,Yes,26-35,2025-06,Not Checked
CUST0037,Dewi,60,Female,Kepulauan Riau,2024-01-15,578dewi@example.com,803009617084,Yes,46-60,2024-01,Not Checked
CUST0038,Ganep,27,Male,unknown,2024-04-02,uwaishimawan@example.org,800743640,Yes,26-35,2024-04,Not Checked
CUST0039,Kawaya,22,Male,Sumatera Barat,2025-05-07,kawaya429@example.com,89967696232,Yes,18-25,2025-05,Not Checked
CUST0040,Bahuwarna,56,Male,Kalimantan Timur,2024-05-20,wriyanti@example.com,883953990,No,46-60,2024-05,Not Checked
CUST0041,Zulfa,49,Female,Kepulauan Riau,2025-04-28,kemba06@example.org,895039630,Yes,46-60,2025-04,Not Checked
CUST0042,Daryani,39,Male,Sulawesi Utara,2024-12-15,pudjiastutiprayoga@example.org,88017553925,No,36-45,2024-12,Not Checked
CUST0043,Azalea,21,Female,Bengkulu,2024-12-18,azalea436@example.com,8017750425,Yes,18-25,2024-12,Not Checked
CUST0044,Yunita,54,Female,Aceh,2024-02-08,siregarbella@example.com,8561409632,No,46-60,2024-02,Not Checked
CUST0045,Harto,60,Male,Nusa Tenggara Barat,2023-11-19,harto401@example.com,815095803,No,46-60,2023-11,Not Checked
CUST0046,Mila,21,Female,Lampung,2024-01-30,jefri95@example.org,830530604317,Yes,18-25,2024-01,Not Checked
CUST0047,Clara,18,Female,Sumatera Utara,2023-10-05,338clara@example.com,8728218646,Yes,<18,2023-10,Not Checked
CUST0048,Kawaya,22,Male,Kalimantan Utara,2024-10-10,rahayugarang@example.org,83240371591,No,18-25,2024-10,Not Checked
CUST0049,Zelaya,50,Female,Bali,2024-05-18,zelaya_91@example.com,8868171210,No,46-60,2024-05,Not Checked
CUST0050,Azalea,21,Female,Sumatera Barat,2024-04-10,nardipermata@example.com,815333503759,Yes,18-25,2024-04,Not Checked
CUST0051,Laras,55,Female,Jawa Timur,2024-07-03,silvia38@example.net,8158732552,No,46-60,2024-07,Not Checked
CUST0052,Baktiono,62,Male,Lampung,2025-05-10,12baktiono@example.com,828457211,No,60+,2025-05,Not Checked
CUST0053,Gading,19,Male,Kalimantan Utara,2025-08-31,gading626@example.com,8337068115,No,18-25,2025-08,Not Checked
CUST0054,Shania,65,Female,Kepulauan Bangka Belitung,2024-06-27,xhartati@example.net,876368513,Yes,60+,2024-06,Not Checked
CUST0055,Ajeng,47,Female,Papua Barat,2024-02-23,lilisusanti@example.org,824638791959,No,46-60,2024-02,Not Checked
CUST0056,Emong,39,Male,Bali,2025-06-28,emong132@example.com,8896929596,Yes,36-45,2025-06,Not Checked
CUST0057,Panca,42,Male,Sumatera Utara,2024-05-23,panca67@example.com,855347885,Yes,36-45,2024-05,Not Checked
CUST0058,Yunita,65,Female,Sulawesi Barat,2024-01-29,yunita_84@example.com,82173919096,Yes,60+,2024-01,Not Checked
CUST0059,Eko,43,Male,Sulawesi Selatan,2025-07-07,teddy33@example.net,82140921512,Yes,36-45,2025-07,Not Checked
CUST0060,Devi,63,Female,Kepulauan Bangka Belitung,2024-05-29,wakiman15@example.org,816841884897,No,60+,2024-05,Not Checked
CUST0061,Siska,29,Female,Sumatera Utara,2025-04-28,siska_1@example.com,861273194,No,26-35,2025-04,Not Checked
CUST0062,Siti,53,Female,Banten,2025-02-07,206siti@example.com,809986352,Yes,46-60,2025-02,Not Checked
CUST0063,Muni,23,Male,Jawa Timur,2025-04-25,eprabowo@example.org,8136636469,Yes,18-25,2025-04,Not Checked
CUST0064,Diah,36,Female,Nusa Tenggara Barat,2024-09-15,592diah@example.com,8743750197,Yes,36-45,2024-09,Not Checked
CUST0065,Perkasa,26,Male,Kalimantan Timur,2025-01-03,estionoprasetya@example.org,8243403277,No,26-35,2025-01,Not Checked
CUST0066,Victoria,30,Female,Banten,2025-06-07,saragihdacin@example.org,83711225862,Yes,26-35,2025-06,Not Checked
CUST0067,Anita,49,Female,DKI Jakarta,2024-10-07,anita787@example.com,88953352346,No,46-60,2024-10,Not Checked
CUST0068,Ade,28,Male,Papua,2024-04-01,maryatisuci@example.org,870339210,Yes,26-35,2024-04,Not Checked
CUST0069,Ratna,40,Female,Papua Barat,2024-03-13,447ratna@example.com,81610611457,Yes,36-45,2024-03,Not Checked
CUST0070,Tari,20,Female,Kalimantan Tengah,2024-10-16,tari_19@example.com,866257998,Yes,18-25,2024-10,Not Checked
CUST0071,Faizah,60,Female,unknown,2024-12-09,hwidiastuti@example.com,898502533,Yes,46-60,2024-12,Not Checked
CUST0679,Jayadi,46,Male,Kepulauan Bangka Belitung,2025-09-20,998jayadi@example.com,84642406422,No,46-60,2025-09,Not Checked
CUST0072,Bagus,59,Male,Papua Barat,2024-08-29,dmahendra@example.com,810909634929,No,46-60,2024-08,Not Checked
CUST0073,Ajeng,58,Female,Sumatera Barat,2024-10-31,uandriani@example.com,812382618,Yes,46-60,2024-10,Not Checked
CUST0074,Gawati,28,Female,Banten,2025-08-07,gawati485@example.com,83172254204,Yes,26-35,2025-08,Not Checked
CUST0075,Salman,45,Male,Papua Barat,2024-11-17,salman705@example.com,896248430344,No,36-45,2024-11,Not Checked
CUST0076,Novi,41,Female,unknown,2024-06-21,eka06@example.com,825670214,Yes,36-45,2024-06,Not Checked
CUST0077,Najib,42,Male,Maluku Utara,2025-04-29,najib_62@example.com,839771409193,No,36-45,2025-04,Not Checked
CUST0078,Jail,62,Male,Kalimantan Timur,2025-02-06,jail373@example.com,868806727,Yes,60+,2025-02,Not Checked
CUST0079,Salman,56,Male,Papua,2024-11-14,nardiprastuti@example.org,889263587182,Yes,46-60,2024-11,Not Checked
CUST0080,Zelaya,61,Female,Jawa Barat,2025-04-16,pmulyani@example.com,879430310,No,60+,2025-04,Not Checked
CUST0081,Kiandra,18,Female,Kalimantan Utara,2024-04-23,kiandra323@example.com,892051889,Yes,<18,2024-04,Not Checked
CUST0082,Pangeran,47,Male,Sulawesi Tengah,2024-04-27,uwaistina@example.com,854442638,Yes,46-60,2024-04,Not Checked
CUST0083,Waluyo,22,Male,Sumatera Selatan,2024-04-21,423waluyo@example.com,8163175135,Yes,18-25,2024-04,Not Checked
CUST0084,Cemeti,43,Male,unknown,2024-06-10,cemani42@example.org,82769374044,Yes,36-45,2024-06,Not Checked
CUST0085,Diana,23,Female,unknown,2025-01-23,diana214@example.com,8261158450,Yes,18-25,2025-01,Not Checked
CUST0086,Lintang,21,Female,Riau,2025-04-20,gsuryatmi@example.com,87875175545,Yes,18-25,2025-04,Not Checked
CUST0087,Ophelia,29,Female,Sumatera Barat,2025-09-01,nyoman41@example.org,87576535147,No,26-35,2025-09,Not Checked
CUST0088,Sabar,60,Male,Papua,2023-10-23,jaisfarida@example.com,87828228770,No,46-60,2023-10,Not Checked
CUST0089,Lintang,45,Female,Jawa Tengah,2023-09-28,cwijayanti@example.org,88304909643,No,36-45,2023-09,Not Checked
CUST0090,Ade,22,Female,Sumatera Selatan,2025-03-07,paimanthamrin@example.com,8645712253,No,18-25,2025-03,Not Checked
CUST0091,Gadang,48,Male,unknown,2024-01-02,gadang_44@example.com,83406335553,No,46-60,2024-01,Not Checked
CUST0092,Uli,39,Female,Sulawesi Utara,2025-02-21,ilsauwais@example.com,85301687145,Yes,36-45,2025-02,Not Checked
CUST0093,Syahrini,34,Female,unknown,2024-07-14,hariputra@example.com,87412241378,Yes,26-35,2024-07,Not Checked
CUST0094,Respati,26,Male,Kalimantan Utara,2023-10-06,aryanimartani@example.net,8432024958,No,26-35,2023-10,Not Checked
CUST0095,Kayun,36,Male,Kalimantan Timur,2024-08-18,whastuti@example.org,869104458,Yes,36-45,2024-08,Not Checked
CUST0096,Kamila,40,Female,Nusa Tenggara Barat,2024-08-09,kamila440@example.com,8886490325,No,36-45,2024-08,Not Checked
CUST0097,Hasna,57,Female,Kalimantan Barat,2024-04-13,hasna_36@example.com,8523325335,No,46-60,2024-04,Not Checked
CUST0098,Darmana,20,Male,Lampung,2024-07-13,janewibowo@example.net,87578356078,Yes,18-25,2024-07,Not Checked
CUST0099,Nardi,46,Male,Papua Barat,2024-05-09,564nardi@example.com,842270801734,Yes,46-60,2024-05,Not Checked
CUST0100,Gangsar,33,Male,Maluku Utara,2024-10-18,mahendraviman@example.org,83883350165,Yes,26-35,2024-10,Not Checked
CUST0101,Unjani,44,Female,Bengkulu,2024-08-25,pangestu31@example.com,858832347094,No,36-45,2024-08,Not Checked
CUST0102,Darmana,34,Male,Sumatera Utara,2024-10-06,keneskurniawan@example.com,8731410728,Yes,26-35,2024-10,Not Checked
CUST0522,Lurhur,34,Male,Papua,2024-08-14,andrianidimas@example.org,8739118659,Yes,26-35,2024-08,Not Checked
CUST0103,Eva,33,Female,Riau,2024-08-12,106eva@example.com,841163644257,No,26-35,2024-08,Not Checked
CUST0104,Cinta,29,Female,Sulawesi Selatan,2025-09-19,labuh06@example.net,80353584528,Yes,26-35,2025-09,Not Checked
CUST0105,Nabila,39,Female,Sulawesi Utara,2025-06-05,agus50@example.org,836201825,Yes,36-45,2025-06,Not Checked
CUST0412,Tira,65,Female,Riau,2024-12-22,tira_61@example.com,840843370,No,60+,2024-12,Not Checked
CUST0106,Febi,52,Female,Sumatera Utara,2025-08-10,febi307@example.com,85506901946,No,46-60,2025-08,Not Checked
CUST0107,Xanana,35,Male,Sulawesi Selatan,2024-04-27,xanana906@example.com,8836361564,Yes,26-35,2024-04,Not Checked
CUST0108,Laila,23,Female,Papua Barat,2025-01-15,laila_12@example.com,870295902,Yes,18-25,2025-01,Not Checked
CUST0109,Elisa,20,Female,Riau,2025-08-18,emaskuswandari@example.com,826103819,No,18-25,2025-08,Not Checked
CUST0110,Amelia,22,Female,Jambi,2025-01-26,vanesamaulana@example.org,877164551,Yes,18-25,2025-01,Not Checked
CUST0111,Zaenab,21,Female,Kalimantan Barat,2024-05-22,dongoranelvina@example.com,847282814730,Yes,18-25,2024-05,Not Checked
CUST0112,Hana,26,Female,Kepulauan Bangka Belitung,2024-05-27,hana71@example.com,830340547,No,26-35,2024-05,Not Checked
CUST0113,Luis,44,Male,Jawa Timur,2025-02-02,luis_78@example.com,807226070,Yes,36-45,2025-02,Not Checked
CUST0114,Bakijan,46,Male,Kalimantan Selatan,2025-03-19,bakijan716@example.com,811045815,Yes,46-60,2025-03,Not Checked
CUST0115,Febi,60,Female,unknown,2023-12-18,853febi@example.com,834936269296,Yes,46-60,2023-12,Not Checked
CUST0116,Safina,37,Female,Kalimantan Barat,2023-12-19,eli60@example.net,836530994,Yes,36-45,2023-12,Not Checked
CUST0117,Heru,46,Male,Nusa Tenggara Timur,2025-03-01,heru_59@example.com,8442400531,No,46-60,2025-03,Not Checked
CUST0137,Faizah,58,Female,Sulawesi Tenggara,2025-02-15,faizah137@example.com,824030244596,Yes,46-60,2025-02,Not Checked
CUST0118,Wisnu,39,Male,Papua,2025-08-30,susantiokto@example.org,888016519033,Yes,36-45,2025-08,Not Checked
CUST0119,Usyi,29,Female,Sulawesi Selatan,2024-06-03,winarnoharsaya@example.com,82820682864,No,26-35,2024-06,Not Checked
CUST0120,Indah,46,Female,Nusa Tenggara Timur,2025-04-05,pangestumaida@example.org,86760383725,Yes,46-60,2025-04,Not Checked
CUST0121,Rachel,43,Female,Sulawesi Utara,2024-08-13,fkuswoyo@example.com,85694551033,Yes,36-45,2024-08,Not Checked
CUST0122,Putri,21,Female,Kalimantan Barat,2024-09-10,mustofakamal@example.com,877723734,Yes,18-25,2024-09,Not Checked
CUST0123,Budi,25,Male,Kalimantan Timur,2024-07-30,daniswarafujiati@example.org,80867052945,No,18-25,2024-07,Not Checked
CUST0124,Hana,46,Female,Kalimantan Selatan,2024-02-25,wibisonokayun@example.org,812329994722,Yes,46-60,2024-02,Not Checked
CUST0125,Dian,51,Female,Lampung,2023-11-25,855dian@example.com,83875282295,Yes,46-60,2023-11,Not Checked
CUST0126,Lili,36,Female,Sulawesi Tenggara,2024-11-30,71lili@example.com,8056814408,Yes,36-45,2024-11,Not Checked
CUST0127,Pandu,33,Male,Jawa Tengah,2025-06-24,edi47@example.net,8077055295,Yes,26-35,2025-06,Not Checked
CUST0128,Restu,40,Female,Sulawesi Selatan,2023-12-19,uwaisjail@example.net,84987516839,Yes,36-45,2023-12,Not Checked
CUST0129,Nardi,24,Male,Kepulauan Riau,2025-03-23,salahudinupik@example.net,87254525827,Yes,18-25,2025-03,Not Checked
CUST0130,Paulin,21,Female,unknown,2024-10-22,osimanjuntak@example.com,87062587103,Yes,18-25,2024-10,Not Checked
CUST0131,Warsa,28,Male,Jawa Barat,2024-03-14,warsa_48@example.com,868764954,No,26-35,2024-03,Not Checked
CUST0132,Fitria,37,Female,Sumatera Selatan,2024-03-01,endra63@example.org,873119408752,No,36-45,2024-03,Not Checked
CUST0133,Kayla,27,Female,Kalimantan Barat,2024-03-28,winarsihkarimah@example.net,85520127461,Yes,26-35,2024-03,Not Checked
CUST0134,Hasna,35,Female,Maluku Utara,2024-03-01,pangestumahmud@example.com,89859502185,Yes,26-35,2024-03,Not Checked
CUST0135,Eluh,33,Male,Jawa Timur,2025-07-10,faizahgunawan@example.com,8445380044,No,26-35,2025-07,Not Checked
CUST0136,Anggabaya,43,Male,Gorontalo,2025-03-21,ekopuspasari@example.net,814729402780,Yes,36-45,2025-03,Not Checked
CUST0138,Wulan,45,Female,unknown,2025-07-16,wulan_37@example.com,81397393326,No,36-45,2025-07,Not Checked
CUST0139,Ilyas,47,Male,Kepulauan Bangka Belitung,2024-11-05,namagaanastasia@example.net,8489315431,Yes,46-60,2024-11,Not Checked
CUST0140,Bambang,63,Male,Sumatera Utara,2025-03-30,rahmi71@example.org,806004381324,No,60+,2025-03,Not Checked
CUST0141,Hasna,35,Female,Jambi,2024-07-12,hasna_96@example.com,808350211395,Yes,26-35,2024-07,Not Checked
CUST0142,Ami,42,Female,unknown,2023-12-12,ytamba@example.net,84571050970,Yes,36-45,2023-12,Not Checked
CUST0143,Rini,18,Female,Gorontalo,2025-01-29,319rini@example.com,859832791,Yes,<18,2025-01,Not Checked
CUST0144,Olga,49,Male,Aceh,2024-04-04,586olga@example.com,824500893,Yes,46-60,2024-04,Not Checked
CUST0145,Kamila,49,Female,Kepulauan Riau,2024-12-09,kamila301@example.com,874823735747,No,46-60,2024-12,Not Checked
CUST0146,Jatmiko,58,Male,Papua,2023-12-29,jagahakim@example.net,85532539518,Yes,46-60,2023-12,Not Checked
CUST0147,Puput,44,Female,Sulawesi Tengah,2023-11-20,indrayuliarti@example.net,888963677419,Yes,36-45,2023-11,Not Checked
CUST0148,Candrakanta,34,Male,Aceh,2025-09-22,ian38@example.org,8454479725,Yes,26-35,2025-09,Not Checked
CUST0149,Puti,45,Female,Sulawesi Selatan,2025-01-14,790puti@example.com,844664817759,Yes,36-45,2025-01,Not Checked
CUST0150,Ganep,62,Male,Papua Barat,2025-07-01,drajatdamanik@example.net,810709870971,No,60+,2025-07,Not Checked
CUST0151,Baktiadi,50,Male,Lampung,2024-06-02,sakti91@example.org,83052760224,Yes,46-60,2024-06,Not Checked
CUST0152,Sadina,40,Female,Kalimantan Utara,2024-07-16,873sadina@example.com,8246809152,Yes,36-45,2024-07,Not Checked
CUST0153,Lembah,61,Male,Banten,2025-09-17,gsuartini@example.org,870743819862,Yes,60+,2025-09,Not Checked
CUST0154,Cahyanto,26,Male,Sumatera Selatan,2025-09-04,cahyanto_97@example.com,8681560169,Yes,26-35,2025-09,Not Checked
CUST0155,Cindy,27,Female,Jawa Timur,2025-02-11,cindy_34@example.com,845121421,No,26-35,2025-02,Not Checked
CUST0156,Jamalia,27,Female,Jawa Tengah,2024-03-19,pudjiastutidariati@example.org,815685193,Yes,26-35,2024-03,Not Checked
CUST0157,Tasnim,29,Male,Kalimantan Barat,2023-12-05,jamil78@example.com,806558834,Yes,26-35,2023-12,Not Checked
CUST0158,Sadina,26,Female,Lampung,2025-04-19,sadina_36@example.com,878596750158,Yes,26-35,2025-04,Not Checked
CUST0159,Padmi,32,Female,Gorontalo,2024-11-21,bakiman29@example.com,867591798,Yes,26-35,2024-11,Not Checked
CUST0160,Lasmanto,38,Male,Maluku,2024-02-06,lasmanto_15@example.com,83173161135,No,36-45,2024-02,Not Checked
CUST0161,Narji,23,Male,Jambi,2025-08-14,safitriqueen@example.net,804466686537,Yes,18-25,2025-08,Not Checked
CUST0162,Natalia,56,Female,Jawa Barat,2024-01-01,budimaulana@example.org,893722470,Yes,46-60,2024-01,Not Checked
CUST0163,Jelita,31,Female,Bali,2025-01-28,jelita241@example.com,88972804026,Yes,26-35,2025-01,Not Checked
CUST0164,Rini,61,Female,Sulawesi Tengah,2023-12-14,eoktaviani@example.com,815359220,Yes,60+,2023-12,Not Checked
CUST0165,Pangeran,58,Male,Kepulauan Bangka Belitung,2025-09-20,ranggamaulana@example.net,8556607041,Yes,46-60,2025-09,Not Checked
CUST0166,Nadia,61,Female,Kalimantan Selatan,2025-01-21,600nadia@example.com,832707742619,No,60+,2025-01,Not Checked
CUST0167,Kajen,52,Male,Kalimantan Selatan,2025-02-09,unggulwijayanti@example.com,813304169,Yes,46-60,2025-02,Not Checked
CUST0168,Laila,38,Female,Jawa Barat,2025-05-27,laryani@example.org,83741637430,Yes,36-45,2025-05,Not Checked
CUST0169,Unggul,50,Male,Kalimantan Timur,2024-02-04,stamba@example.com,828121504,Yes,46-60,2024-02,Not Checked
CUST0170,Citra,51,Female,Sumatera Utara,2025-02-09,citra535@example.com,800197278,Yes,46-60,2025-02,Not Checked
CUST0171,Cahyono,18,Male,Kalimantan Tengah,2024-02-20,oktavianiian@example.net,88904104083,No,<18,2024-02,Not Checked
CUST0172,Martani,39,Male,Jawa Barat,2023-11-19,jhutasoit@example.org,834167614748,Yes,36-45,2023-11,Not Checked
CUST0173,Edi,46,Male,unknown,2024-04-15,balijan55@example.org,812844433,Yes,46-60,2024-04,Not Checked
CUST0174,Rahayu,43,Female,Sulawesi Tenggara,2025-03-16,upangestu@example.com,806899922,Yes,36-45,2025-03,Not Checked
CUST0175,Dartono,52,Male,unknown,2025-02-15,harsanto83@example.com,889953743153,Yes,46-60,2025-02,Not Checked
CUST0176,Rika,42,Female,Kalimantan Barat,2025-04-01,gunartomanah@example.com,8532955115,Yes,36-45,2025-04,Not Checked
CUST0177,Tiara,45,Female,DKI Jakarta,2024-07-22,dongoransabar@example.org,876048071,Yes,36-45,2024-07,Not Checked
CUST0178,Salwa,26,Female,Kalimantan Timur,2025-03-04,331salwa@example.com,806277560,Yes,26-35,2025-03,Not Checked
CUST0179,Yahya,22,Male,Riau,2024-06-18,warsita32@example.org,8908826171,Yes,18-25,2024-06,Not Checked
CUST0180,Raditya,46,Male,Kepulauan Riau,2023-09-30,raditya_30@example.com,813773020,Yes,46-60,2023-09,Not Checked
CUST0181,Balapati,41,Male,Sulawesi Tengah,2024-12-28,aoktaviani@example.org,801579901601,No,36-45,2024-12,Not Checked
CUST0182,Adinata,55,Male,Jambi,2025-07-17,zuwais@example.com,826889627918,Yes,46-60,2025-07,Not Checked
CUST0183,Dian,36,Female,Gorontalo,2024-09-13,dian_86@example.com,870256529127,No,36-45,2024-09,Not Checked
CUST0184,Cemplunk,56,Male,Kepulauan Bangka Belitung,2024-01-15,usyifujiati@example.com,874704487,Yes,46-60,2024-01,Not Checked
CUST0185,Silvia,52,Female,Nusa Tenggara Barat,2024-07-21,fpradipta@example.com,834680358,Yes,46-60,2024-07,Not Checked
CUST0186,Karsana,46,Male,Jawa Barat,2025-02-26,karsana52@example.com,81598028596,Yes,46-60,2025-02,Not Checked
CUST0187,Maimunah,59,Female,Papua,2024-07-28,pwidiastuti@example.com,851838173923,No,46-60,2024-07,Not Checked
CUST0188,Irfan,55,Male,Maluku,2025-08-28,irfan_43@example.com,84072435632,No,46-60,2025-08,Not Checked
CUST0189,Prabowo,59,Male,Kepulauan Riau,2024-02-05,rajasayulia@example.org,8876946141,No,46-60,2024-02,Not Checked
CUST0190,Candrakanta,52,Male,Bengkulu,2025-04-01,martakasiregar@example.net,8518769180,Yes,46-60,2025-04,Not Checked
CUST0191,Luluh,27,Male,DI Yogyakarta,2025-07-15,gandasetiawan@example.com,86559461299,Yes,26-35,2025-07,Not Checked
CUST0192,Maimunah,19,Female,Riau,2024-01-22,maimunah_70@example.com,82098841066,Yes,18-25,2024-01,Not Checked
CUST0193,Kasiyah,45,Female,Sulawesi Barat,2025-04-28,537kasiyah@example.com,8096683515,No,36-45,2025-04,Not Checked
CUST0194,Victoria,24,Female,Sulawesi Tenggara,2024-11-05,111victoria@example.com,891433074528,Yes,18-25,2024-11,Not Checked
CUST0195,Genta,42,Female,Jawa Tengah,2024-03-04,404genta@example.com,8302727589,No,36-45,2024-03,Not Checked
CUST0196,Kenes,59,Male,Kepulauan Riau,2025-09-11,kenes456@example.com,845887386,No,46-60,2025-09,Not Checked
CUST0197,Dono,61,Male,Sumatera Barat,2024-05-25,sudiatihadi@example.org,8843428145,Yes,60+,2024-05,Not Checked
CUST0198,Kasiran,36,Male,Lampung,2025-08-01,astutidaliman@example.net,844521615678,Yes,36-45,2025-08,Not Checked
CUST0199,Daliono,45,Male,unknown,2024-08-18,widiastutiyulia@example.net,89234334959,Yes,36-45,2024-08,Not Checked
CUST0200,Ade,21,Male,Bali,2024-09-04,adinata37@example.net,8011442065,No,18-25,2024-09,Not Checked
CUST0201,Genta,64,Female,Sumatera Utara,2024-02-07,manah38@example.com,833189960,No,60+,2024-02,Not Checked
CUST0202,Kayla,51,Female,Jawa Timur,2024-01-01,785kayla@example.com,896148976,No,46-60,2024-01,Not Checked
CUST0203,Diah,51,Female,Jawa Timur,2024-07-24,426diah@example.com,878555975188,Yes,46-60,2024-07,Not Checked
CUST0204,Estiawan,18,Male,Nusa Tenggara Timur,2025-07-26,estiawan903@example.com,842441390,Yes,<18,2025-07,Not Checked
CUST0205,Gamani,56,Male,Jambi,2024-05-22,kuswoyobudi@example.com,839448321,Yes,46-60,2024-05,Not Checked
CUST0206,Ulya,48,Female,Jawa Barat,2024-12-11,ulya858@example.com,82253308575,Yes,46-60,2024-12,Not Checked
CUST0207,Vero,63,Male,Kalimantan Timur,2025-09-17,caket74@example.com,8920532840,No,60+,2025-09,Not Checked
CUST0208,Restu,32,Female,Sumatera Selatan,2024-11-17,ihsansuartini@example.com,875783321,Yes,26-35,2024-11,Not Checked
CUST0209,Hafshah,58,Female,Sumatera Barat,2025-09-23,hafshah522@example.com,8514025745,No,46-60,2025-09,Not Checked
CUST0210,Gamanto,63,Male,Jawa Tengah,2023-10-12,gamanto891@example.com,80338818657,Yes,60+,2023-10,Not Checked
CUST0211,Nadia,23,Female,Sumatera Barat,2024-08-07,bnajmudin@example.com,805548983599,Yes,18-25,2024-08,Not Checked
CUST0212,Pia,25,Female,Jawa Barat,2025-01-10,situmorangliman@example.com,8764053867,No,18-25,2025-01,Not Checked
CUST0213,Cornelia,38,Female,unknown,2025-01-31,setiawanpadmi@example.org,82199034845,Yes,36-45,2025-01,Not Checked
CUST0214,Kasusra,52,Male,Jawa Tengah,2024-04-24,siregarmichelle@example.com,829560949,Yes,46-60,2024-04,Not Checked
CUST0215,Tari,39,Female,Kalimantan Timur,2024-04-16,kardihalim@example.com,899279768,Yes,36-45,2024-04,Not Checked
CUST0216,Pranawa,34,Male,Maluku Utara,2024-07-18,cengkiruyainah@example.net,83421440455,No,26-35,2024-07,Not Checked
CUST0217,Vivi,25,Female,Sumatera Utara,2025-03-19,qoriwijayanti@example.com,822939648,Yes,18-25,2025-03,Not Checked
CUST0218,Reksa,18,Male,Kalimantan Tengah,2024-10-17,eutami@example.net,8010982253,Yes,<18,2024-10,Not Checked
CUST0219,Ratna,23,Female,Sumatera Selatan,2025-02-14,ratna_61@example.com,8592886328,No,18-25,2025-02,Not Checked
CUST0220,Eman,38,Male,Maluku Utara,2024-08-13,musamah@example.net,8351954443,Yes,36-45,2024-08,Not Checked
CUST0221,Mila,28,Female,Sumatera Selatan,2025-04-03,puspitamakuta@example.com,89536839897,Yes,26-35,2025-04,Not Checked
CUST0222,Nrima,37,Male,Sulawesi Tenggara,2025-09-06,nrima_15@example.com,820303505924,No,36-45,2025-09,Not Checked
CUST0223,Artanto,43,Male,Aceh,2023-11-12,gunartomaida@example.org,8579114663,Yes,36-45,2023-11,Not Checked
CUST0224,Cengkal,19,Male,Sulawesi Tengah,2024-10-09,safinafirgantoro@example.com,803372425148,Yes,18-25,2024-10,Not Checked
CUST0225,Cahya,37,Male,Jawa Tengah,2024-11-16,cahya_1@example.com,848801281,No,36-45,2024-11,Not Checked
CUST0226,Kasiran,47,Male,Lampung,2025-01-14,kajenharyanti@example.org,8017283733,Yes,46-60,2025-01,Not Checked
CUST0227,Gamblang,46,Male,Kalimantan Timur,2023-12-04,timbuldamanik@example.com,83336257772,Yes,46-60,2023-12,Not Checked
CUST0228,Elisa,60,Female,Papua Barat,2024-05-06,963elisa@example.com,8028841172,Yes,46-60,2024-05,Not Checked
CUST0229,Vivi,63,Female,Aceh,2024-08-29,vivi_72@example.com,8951128138,No,60+,2024-08,Not Checked
CUST0230,Vicky,42,Female,DI Yogyakarta,2025-07-07,vsuryono@example.org,8449897435,Yes,36-45,2025-07,Not Checked
CUST0231,Margana,47,Male,Sumatera Utara,2023-10-31,margana_57@example.com,80091857428,Yes,46-60,2023-10,Not Checked
CUST0232,Jamil,60,Male,unknown,2024-12-21,harihutapea@example.net,826116797,Yes,46-60,2024-12,Not Checked
CUST0233,Jamalia,20,Female,DI Yogyakarta,2025-07-19,damanikdarijan@example.net,8762462237,Yes,18-25,2025-07,Not Checked
CUST0234,Zamira,56,Female,Nusa Tenggara Timur,2024-06-18,zamira_12@example.com,845518329,Yes,46-60,2024-06,Not Checked
CUST0235,Jefri,43,Male,Aceh,2024-03-18,jatmikorajasa@example.org,8443780824,Yes,36-45,2024-03,Not Checked
CUST0236,Leo,43,Male,Sumatera Selatan,2025-08-19,jagaragasaputra@example.net,816809421,Yes,36-45,2025-08,Not Checked
CUST0237,Jarwa,40,Male,DKI Jakarta,2024-12-27,jarwa_96@example.com,85570492473,Yes,36-45,2024-12,Not Checked
CUST0238,Darijan,54,Male,Sumatera Barat,2024-05-23,uprakasa@example.org,8425816385,Yes,46-60,2024-05,Not Checked
CUST0239,Galuh,36,Male,Sumatera Barat,2024-08-19,mulyaniida@example.com,879467312863,Yes,36-45,2024-08,Not Checked
CUST0240,Carla,46,Female,Sulawesi Utara,2024-06-21,danang48@example.net,81857955969,Yes,46-60,2024-06,Not Checked
CUST0241,Candra,35,Male,Kalimantan Barat,2024-09-07,candra_63@example.com,869455115,No,26-35,2024-09,Not Checked
CUST0242,Mala,55,Female,Sulawesi Tenggara,2023-12-19,mala73@example.com,833847702,No,46-60,2023-12,Not Checked
CUST0243,Calista,51,Female,unknown,2025-04-01,calista602@example.com,871806674460,No,46-60,2025-04,Not Checked
CUST0244,Bala,39,Male,Sumatera Selatan,2025-02-15,ldongoran@example.com,83028298440,Yes,36-45,2025-02,Not Checked
CUST0245,Cahyanto,22,Male,Sulawesi Utara,2025-05-03,cahyanto_84@example.com,81900280197,Yes,18-25,2025-05,Not Checked
CUST0246,Caket,65,Male,Sulawesi Tengah,2025-03-09,caket_32@example.com,8224646257,No,60+,2025-03,Not Checked
CUST0247,Mala,54,Female,Sumatera Selatan,2024-04-24,esiregar@example.org,80063702516,Yes,46-60,2024-04,Not Checked
CUST0248,Nadine,20,Female,Kepulauan Bangka Belitung,2024-01-17,nadine_31@example.com,81799475516,No,18-25,2024-01,Not Checked
CUST0249,Ridwan,52,Male,Lampung,2025-05-16,ellishidayat@example.com,825198650407,Yes,46-60,2025-05,Not Checked
CUST0250,Halim,33,Male,Bengkulu,2025-09-13,omarbun@example.com,858732327,No,26-35,2025-09,Not Checked
CUST0251,Prima,43,Male,Sulawesi Selatan,2024-09-02,putu16@example.net,869004782947,No,36-45,2024-09,Not Checked
CUST0252,Anastasia,62,Female,Gorontalo,2025-01-20,dabukkeeluh@example.net,83372152995,No,60+,2025-01,Not Checked
CUST0253,Yono,19,Male,Kalimantan Selatan,2024-01-12,jailsinaga@example.org,8673305470,Yes,18-25,2024-01,Not Checked
CUST0254,Uchita,40,Female,Kalimantan Utara,2024-10-21,kartika75@example.net,868108247332,Yes,36-45,2024-10,Not Checked
CUST0255,Kurnia,51,Male,Maluku,2024-12-18,kurnia477@example.com,8116801400,No,46-60,2024-12,Not Checked
CUST0256,Baktiono,35,Male,DKI Jakarta,2024-11-17,ksinaga@example.net,830308525498,No,26-35,2024-11,Not Checked
CUST0257,Hendri,32,Male,Sulawesi Tenggara,2023-10-05,opan96@example.com,873653335,Yes,26-35,2023-10,Not Checked
CUST0258,Banara,62,Male,Maluku,2025-04-29,mangunsongcakrabuana@example.com,8273368835,Yes,60+,2025-04,Not Checked
CUST0259,Jindra,27,Male,Jawa Timur,2024-02-08,jindra_70@example.com,803517580038,Yes,26-35,2024-02,Not Checked
CUST0260,Prima,48,Male,DKI Jakarta,2024-01-24,prima_12@example.com,800328569612,Yes,46-60,2024-01,Not Checked
CUST0261,Zahra,59,Female,Sumatera Utara,2025-04-07,zahra57@example.com,8886360522,Yes,46-60,2025-04,Not Checked
CUST0262,Luis,44,Male,unknown,2024-11-21,tasnimhalimah@example.net,818973258242,Yes,36-45,2024-11,Not Checked
CUST0263,Kemal,30,Male,Lampung,2024-10-11,kemal_42@example.com,8805015029,Yes,26-35,2024-10,Not Checked
CUST0264,Sarah,40,Female,DKI Jakarta,2025-01-12,sarah_50@example.com,859373944,Yes,36-45,2025-01,Not Checked
CUST0265,Ghaliyati,62,Female,Aceh,2023-12-29,ghaliyati459@example.com,852749808460,No,60+,2023-12,Not Checked
CUST0266,Bahuraksa,23,Male,unknown,2024-05-22,kacungkuswoyo@example.net,84553407556,No,18-25,2024-05,Not Checked
CUST0267,Silvia,38,Female,Jawa Timur,2023-09-30,silvia_18@example.com,8903422604,Yes,36-45,2023-09,Not Checked
CUST0268,Hani,23,Female,Papua Barat,2025-02-27,tprakasa@example.net,81743287757,Yes,18-25,2025-02,Not Checked
CUST0269,Sadina,44,Female,Jawa Timur,2024-10-12,margana53@example.net,8268669512,Yes,36-45,2024-10,Not Checked
CUST0661,Puji,32,Female,DI Yogyakarta,2025-09-05,puji_62@example.com,82263520270,Yes,26-35,2025-09,Not Checked
CUST0270,Leo,25,Male,Maluku Utara,2025-08-03,galih47@example.net,820281741512,Yes,18-25,2025-08,Not Checked
CUST0271,Gawati,51,Female,Banten,2024-07-11,gawati_73@example.com,8541771848,Yes,46-60,2024-07,Not Checked
CUST0272,Asirwanda,41,Male,Aceh,2025-08-14,gandi95@example.net,8227568258,Yes,36-45,2025-08,Not Checked
CUST0273,Eva,61,Female,DI Yogyakarta,2025-06-08,455eva@example.com,8944474510,Yes,60+,2025-06,Not Checked
CUST0274,Ismail,29,Male,Papua Barat,2023-10-15,uwaisbudi@example.org,8949460278,No,26-35,2023-10,Not Checked
CUST0275,Gilda,37,Female,Jawa Tengah,2025-01-07,nrajasa@example.com,8238397602,Yes,36-45,2025-01,Not Checked
CUST0276,Rafi,28,Male,DI Yogyakarta,2024-08-02,rafi_21@example.com,84672970984,Yes,26-35,2024-08,Not Checked
CUST0277,Cornelia,25,Female,Sulawesi Utara,2023-10-10,cornelia_87@example.com,819167285,No,18-25,2023-10,Not Checked
CUST0278,Betania,47,Female,Lampung,2024-06-24,wkusumo@example.net,8143069505,Yes,46-60,2024-06,Not Checked
CUST0279,Timbul,46,Male,Kepulauan Bangka Belitung,2024-04-29,timbul354@example.com,803956658952,No,46-60,2024-04,Not Checked
CUST0280,Diah,22,Female,Nusa Tenggara Barat,2023-11-14,diah_65@example.com,8054289074,Yes,18-25,2023-11,Not Checked
CUST0281,Latika,42,Female,Kepulauan Riau,2025-02-26,bakidin99@example.com,8873633240,No,36-45,2025-02,Not Checked
CUST0282,Usyi,40,Female,Sulawesi Utara,2025-09-10,bpratama@example.com,886432118636,Yes,36-45,2025-09,Not Checked
CUST0283,Rahmi,60,Female,Jambi,2025-05-23,yuliantirachel@example.org,86602528020,Yes,46-60,2025-05,Not Checked
CUST0284,Hafshah,20,Female,Papua,2025-08-18,tasnim45@example.com,806882584073,No,18-25,2025-08,Not Checked
CUST0285,Yahya,58,Male,Nusa Tenggara Barat,2024-12-15,jaswadi78@example.org,832317633905,Yes,46-60,2024-12,Not Checked
CUST0286,Yuni,56,Female,Riau,2023-09-27,handayanirafi@example.net,872532302,Yes,46-60,2023-09,Not Checked
CUST0287,Cemplunk,57,Male,Maluku Utara,2025-05-26,wulandariajeng@example.org,8276655433,No,46-60,2025-05,Not Checked
CUST0288,Labuh,58,Male,Kalimantan Utara,2024-09-27,julia04@example.net,896147647021,No,46-60,2024-09,Not Checked
CUST0289,Anita,21,Female,unknown,2024-06-30,ayusalahudin@example.net,839364471,No,18-25,2024-06,Not Checked
CUST0290,Darijan,49,Male,Maluku,2024-09-10,darijan_53@example.com,8426706436,No,46-60,2024-09,Not Checked
CUST0291,Diah,55,Female,Banten,2025-04-03,maryadicinthia@example.net,854348815388,Yes,46-60,2025-04,Not Checked
CUST0292,Usyi,58,Female,Aceh,2025-07-16,usyi645@example.com,80359275009,Yes,46-60,2025-07,Not Checked
CUST0293,Abyasa,50,Male,Aceh,2025-04-12,wibisonocaraka@example.com,8436160362,Yes,46-60,2025-04,Not Checked
CUST0294,Padma,49,Female,Kalimantan Selatan,2025-06-22,ppuspasari@example.org,86895487942,Yes,46-60,2025-06,Not Checked
CUST0295,Garan,58,Male,Gorontalo,2025-08-24,cindyfarida@example.net,844385758895,Yes,46-60,2025-08,Not Checked
CUST0296,Pangeran,43,Male,Aceh,2024-06-11,aminashiruddin@example.net,83882910039,Yes,36-45,2024-06,Not Checked
CUST0297,Cornelia,60,Female,Nusa Tenggara Timur,2023-12-07,cornelia794@example.com,89769605649,Yes,46-60,2023-12,Not Checked
CUST0298,Samsul,19,Male,Maluku Utara,2024-11-30,801samsul@example.com,8709768172,No,18-25,2024-11,Not Checked
CUST0299,Hartana,55,Male,Nusa Tenggara Barat,2025-03-04,utamigara@example.com,862127314,Yes,46-60,2025-03,Not Checked
CUST0300,Kala,46,Male,Papua,2023-11-30,zmahendra@example.com,885486479,Yes,46-60,2023-11,Not Checked
CUST0301,Dalima,41,Female,Papua,2025-05-13,jaswadi17@example.net,8674199780,Yes,36-45,2025-05,Not Checked
CUST0302,Emin,21,Male,Papua,2023-11-14,estiono40@example.net,8792863212,Yes,18-25,2023-11,Not Checked
CUST0303,Mulyono,47,Male,Sulawesi Tengah,2024-04-16,usamahjaya@example.org,80420695941,Yes,46-60,2024-04,Not Checked
CUST0304,Ellis,22,Female,Bali,2024-06-29,ellis_94@example.com,869204824992,No,18-25,2024-06,Not Checked
CUST0305,Rahayu,36,Female,Papua,2025-06-18,982rahayu@example.com,83919474704,Yes,36-45,2025-06,Not Checked
CUST0306,Carub,57,Male,Sulawesi Utara,2023-12-17,daliminlatupono@example.org,87875516558,Yes,46-60,2023-12,Not Checked
CUST0307,Taswir,38,Male,Sulawesi Selatan,2025-05-20,luis81@example.net,80196730898,Yes,36-45,2025-05,Not Checked
CUST0308,Argono,36,Male,Bali,2025-04-30,argono_43@example.com,83237744701,Yes,36-45,2025-04,Not Checked
CUST0309,Yunita,57,Female,Banten,2025-07-16,511yunita@example.com,8186526753,No,46-60,2025-07,Not Checked
CUST0310,Ophelia,25,Female,Kalimantan Timur,2024-08-12,ophelia_45@example.com,80192242777,No,18-25,2024-08,Not Checked
CUST0311,Melinda,18,Female,Papua Barat,2024-07-04,696melinda@example.com,803883987,Yes,<18,2024-07,Not Checked
CUST0312,Ami,39,Female,Lampung,2024-12-29,310ami@example.com,84197924773,No,36-45,2024-12,Not Checked
CUST0313,Paiman,55,Male,Kepulauan Bangka Belitung,2024-01-03,paiman_5@example.com,884555318,No,46-60,2024-01,Not Checked
CUST0314,Aisyah,30,Female,Jawa Tengah,2025-04-14,windasafitri@example.com,822987951505,Yes,26-35,2025-04,Not Checked
CUST0315,Ihsan,50,Male,Sumatera Utara,2024-10-18,ihsan_30@example.com,888204300,Yes,46-60,2024-10,Not Checked
CUST0316,Widya,56,Female,Jawa Barat,2024-02-13,sakurafirmansyah@example.net,824035485,No,46-60,2024-02,Not Checked
CUST0317,Kartika,55,Female,Sumatera Selatan,2024-05-25,kartika_58@example.com,875733077,No,46-60,2024-05,Not Checked
CUST0318,Tina,40,Female,unknown,2024-02-05,ykuswandari@example.org,84458373349,No,36-45,2024-02,Not Checked
CUST0319,Maria,64,Female,Banten,2023-10-26,maria754@example.com,824253918851,Yes,60+,2023-10,Not Checked
CUST0320,Jail,32,Male,Sumatera Utara,2024-02-26,wasis15@example.net,88492890760,No,26-35,2024-02,Not Checked
CUST0321,Cindy,65,Female,Sumatera Barat,2024-06-05,agustinanardi@example.net,890892127948,Yes,60+,2024-06,Not Checked
CUST0322,Arsipatra,28,Male,Sumatera Utara,2025-02-06,449arsipatra@example.com,822957621,No,26-35,2025-02,Not Checked
CUST0323,Jayadi,52,Male,Kepulauan Riau,2025-04-06,616jayadi@example.com,82247322877,Yes,46-60,2025-04,Not Checked
CUST0324,Tania,40,Female,Papua Barat,2024-11-19,kayunmansur@example.org,826931207,Yes,36-45,2024-11,Not Checked
CUST0325,Warta,42,Male,Gorontalo,2025-06-02,dadihardiansyah@example.org,8868214335,Yes,36-45,2025-06,Not Checked
CUST0326,Sakura,28,Female,Kepulauan Bangka Belitung,2024-06-19,pujihakim@example.net,871976418237,Yes,26-35,2024-06,Not Checked
CUST0327,Unjani,38,Female,Sumatera Utara,2024-01-07,uchita20@example.com,875477401,Yes,36-45,2024-01,Not Checked
CUST0328,Laras,56,Female,Maluku Utara,2024-11-13,zpertiwi@example.org,873791139,No,46-60,2024-11,Not Checked
CUST0329,Lili,40,Female,Bengkulu,2023-11-29,edi88@example.com,829276468,No,36-45,2023-11,Not Checked
CUST0330,Tomi,50,Male,Jambi,2024-09-11,tomi314@example.com,841803114525,Yes,46-60,2024-09,Not Checked
CUST0331,Bagya,18,Male,Lampung,2023-10-22,bagya229@example.com,813015612910,Yes,<18,2023-10,Not Checked
CUST0332,Xanana,44,Male,Jawa Barat,2025-07-04,jaya54@example.net,883137677,Yes,36-45,2025-07,Not Checked
CUST0333,Uchita,57,Female,Lampung,2023-11-23,dodo12@example.com,808549593,Yes,46-60,2023-11,Not Checked
CUST0334,Koko,38,Male,DKI Jakarta,2024-10-10,750koko@example.com,89348119288,No,36-45,2024-10,Not Checked
CUST0335,Jumari,35,Male,Sumatera Selatan,2024-04-21,jumari_60@example.com,883418312,Yes,26-35,2024-04,Not Checked
CUST0336,Natalia,58,Female,Kepulauan Riau,2024-09-18,wastutitaswir@example.net,896676718,Yes,46-60,2024-09,Not Checked
CUST0337,Tri,57,Male,Jambi,2023-11-25,vnugroho@example.com,882781095,Yes,46-60,2023-11,Not Checked
CUST0338,Jamalia,27,Female,Riau,2025-01-14,uwulandari@example.org,808836427,Yes,26-35,2025-01,Not Checked
CUST0339,Jaiman,40,Male,Jambi,2024-03-31,jaiman_35@example.com,8270725240,Yes,36-45,2024-03,Not Checked
CUST0340,Karen,32,Female,Kalimantan Tengah,2025-04-21,marbunnovi@example.net,88228248338,Yes,26-35,2025-04,Not Checked
CUST0341,Sabrina,55,Female,Bengkulu,2024-07-22,wulandariulva@example.com,84628383807,Yes,46-60,2024-07,Not Checked
CUST0342,Maman,47,Male,Kalimantan Utara,2025-06-02,buyainah@example.net,821419857,Yes,46-60,2025-06,Not Checked
CUST0343,Pardi,57,Male,Jawa Tengah,2025-06-16,pardi986@example.com,8225052536,Yes,46-60,2025-06,Not Checked
CUST0344,Lasmanto,53,Male,Bengkulu,2024-07-12,lasmanto_70@example.com,8015419797,No,46-60,2024-07,Not Checked
CUST0345,Adinata,42,Male,DKI Jakarta,2025-01-23,daliminuyainah@example.com,8555432892,Yes,36-45,2025-01,Not Checked
CUST0346,Zahra,41,Female,Aceh,2023-09-28,rafihutagalung@example.net,858491715809,Yes,36-45,2023-09,Not Checked
CUST0347,Janet,62,Female,Maluku,2023-12-11,mardhiyahirnanto@example.com,8340744623,Yes,60+,2023-12,Not Checked
CUST0348,Ellis,39,Female,unknown,2025-04-21,nainggolanasirwanda@example.org,818027703691,No,36-45,2025-04,Not Checked
CUST0349,Ivan,44,Male,Banten,2024-04-05,luhungmardhiyah@example.com,858623637,Yes,36-45,2024-04,Not Checked
CUST0350,Warji,59,Male,Papua,2024-07-09,isitorus@example.com,8018883758,Yes,46-60,2024-07,Not Checked
CUST0351,Zamira,58,Female,Sumatera Barat,2025-09-20,sihombingjamalia@example.com,86661921950,No,46-60,2025-09,Not Checked
CUST0352,Jaswadi,33,Male,Kalimantan Tengah,2024-08-23,ibrahim30@example.com,89876235674,No,26-35,2024-08,Not Checked
CUST0353,Bella,40,Female,Bengkulu,2025-07-10,xrahmawati@example.org,86663721052,Yes,36-45,2025-07,Not Checked
CUST0354,Raina,26,Female,Jawa Timur,2024-10-10,raina_36@example.com,8441662802,No,26-35,2024-10,Not Checked
CUST0355,Dalimin,38,Male,Jawa Timur,2025-04-15,150dalimin@example.com,85415237037,Yes,36-45,2025-04,Not Checked
CUST0356,Rizki,23,Male,Nusa Tenggara Timur,2023-10-12,twastuti@example.org,88583014075,Yes,18-25,2023-10,Not Checked
CUST0357,Rahmi,21,Female,Gorontalo,2024-12-20,capa64@example.com,844956765,Yes,18-25,2024-12,Not Checked
CUST0358,Catur,25,Male,Kalimantan Timur,2024-08-06,qwibowo@example.net,82723594603,Yes,18-25,2024-08,Not Checked
CUST0359,Banawi,20,Male,Sumatera Selatan,2025-08-12,banawi300@example.com,882805418150,Yes,18-25,2025-08,Not Checked
CUST0360,Manah,52,Male,unknown,2025-05-19,irfan84@example.net,85538675090,Yes,46-60,2025-05,Not Checked
CUST0361,Dewi,47,Female,Jambi,2024-07-25,vsantoso@example.com,8778517554,No,46-60,2024-07,Not Checked
CUST0362,Martana,46,Male,Jawa Timur,2025-05-12,848martana@example.com,807247320637,No,46-60,2025-05,Not Checked
CUST0363,Jumadi,57,Male,Nusa Tenggara Barat,2024-10-23,gamandongoran@example.net,81012563679,No,46-60,2024-10,Not Checked
CUST0364,Bagiya,42,Male,Jawa Barat,2025-04-08,540bagiya@example.com,8439662556,Yes,36-45,2025-04,Not Checked
CUST0365,Prakosa,63,Male,Kepulauan Riau,2025-09-12,lailaprastuti@example.net,838916194,Yes,60+,2025-09,Not Checked
CUST0366,Sakura,47,Female,Jawa Timur,2023-10-01,sakura_94@example.com,867477592414,Yes,46-60,2023-10,Not Checked
CUST0367,Pandu,18,Male,Banten,2025-05-27,pandu_87@example.com,8704706620,Yes,<18,2025-05,Not Checked
CUST0368,Karsa,36,Male,Nusa Tenggara Barat,2024-02-02,kuswoyoenteng@example.net,840115569,Yes,36-45,2024-02,Not Checked
CUST0369,Qori,47,Female,Kalimantan Tengah,2023-12-29,plailasari@example.com,8272716410,Yes,46-60,2023-12,Not Checked
CUST0370,Kiandra,55,Female,unknown,2025-02-07,572kiandra@example.com,8772086268,No,46-60,2025-02,Not Checked
CUST0371,Kenes,32,Male,Kepulauan Riau,2025-01-26,kenes_38@example.com,842550471,No,26-35,2025-01,Not Checked
CUST0372,Balamantri,50,Male,DKI Jakarta,2024-12-15,baktiono13@example.net,8247970031,No,46-60,2024-12,Not Checked
CUST0373,Calista,40,Female,Sulawesi Tengah,2024-05-14,ega48@example.org,8910335843,Yes,36-45,2024-05,Not Checked
CUST0374,Taswir,41,Male,Gorontalo,2024-10-10,safitrijaya@example.org,8101525763,Yes,36-45,2024-10,Not Checked
CUST0375,Edi,37,Male,Sulawesi Tengah,2025-03-18,edi398@example.com,8182229699,Yes,36-45,2025-03,Not Checked
CUST0376,Anastasia,62,Female,Nusa Tenggara Timur,2024-04-30,anastasia_98@example.com,807994537869,No,60+,2024-04,Not Checked
CUST0377,Muni,41,Male,Kalimantan Selatan,2025-03-31,sakura57@example.com,81080728416,Yes,36-45,2025-03,Not Checked
CUST0378,Parman,29,Male,Jawa Timur,2024-05-28,wardayaramadan@example.net,894888190974,No,26-35,2024-05,Not Checked
CUST0379,Jabal,27,Male,Sulawesi Utara,2024-03-24,476jabal@example.com,885644962967,Yes,26-35,2024-03,Not Checked
CUST0380,Hesti,39,Female,Riau,2023-09-25,koko53@example.org,864944620,Yes,36-45,2023-09,Not Checked
CUST0381,Titi,36,Female,Banten,2024-01-11,313titi@example.com,898468598,Yes,36-45,2024-01,Not Checked
CUST0382,Maria,60,Female,Sulawesi Selatan,2025-01-15,maria_95@example.com,8188700177,No,46-60,2025-01,Not Checked
CUST0383,Halima,26,Female,Riau,2025-03-26,halima551@example.com,8914751794,Yes,26-35,2025-03,Not Checked
CUST0384,Kasiran,25,Male,Jawa Timur,2023-11-27,kasiran824@example.com,8489119371,Yes,18-25,2023-11,Not Checked
CUST0385,Zamira,28,Female,Kalimantan Tengah,2025-09-01,zamira3@example.com,8329181730,No,26-35,2025-09,Not Checked
CUST0386,Tri,59,Male,DKI Jakarta,2023-12-04,uwaisfebi@example.net,84721917847,Yes,46-60,2023-12,Not Checked
CUST0387,Fitria,41,Female,Kalimantan Utara,2024-09-12,kenari30@example.org,827944885024,No,36-45,2024-09,Not Checked
CUST0388,Eluh,65,Male,Kalimantan Utara,2024-11-03,eluh_24@example.com,899130581314,Yes,60+,2024-11,Not Checked
CUST0389,Dinda,18,Female,Aceh,2024-06-16,yancesimbolon@example.net,80087622043,Yes,<18,2024-06,Not Checked
CUST0390,Usyi,46,Female,Lampung,2025-01-20,hasta34@example.com,876192329989,No,46-60,2025-01,Not Checked
CUST0391,Alika,50,Female,Sumatera Barat,2024-05-02,alika_83@example.com,824755916,Yes,46-60,2024-05,Not Checked
CUST0392,Garang,43,Male,Sumatera Selatan,2025-05-31,jmaryati@example.com,878467427,Yes,36-45,2025-05,Not Checked
CUST0393,Unjani,62,Female,Kepulauan Bangka Belitung,2024-08-24,xutami@example.org,896559483637,Yes,60+,2024-08,Not Checked
CUST0394,Suci,56,Female,Kalimantan Utara,2025-02-28,suci803@example.com,89121742745,No,46-60,2025-02,Not Checked
CUST0395,Pandu,18,Male,DI Yogyakarta,2024-11-27,cecep55@example.org,82531773818,No,<18,2024-11,Not Checked
CUST0396,Cawisadi,53,Male,Kepulauan Riau,2024-12-13,cawisadi484@example.com,870654293735,No,46-60,2024-12,Not Checked
CUST0397,Cici,43,Female,Bali,2024-02-24,astutilili@example.org,827887968,Yes,36-45,2024-02,Not Checked
CUST0398,Ulva,48,Female,Sumatera Barat,2024-09-19,995ulva@example.com,808906905,Yes,46-60,2024-09,Not Checked
CUST0399,Darmana,31,Male,Jawa Tengah,2025-05-23,darmana_74@example.com,898580786,Yes,26-35,2025-05,Not Checked
CUST0400,Warta,24,Male,Kalimantan Selatan,2024-09-09,safitriparman@example.org,84003957231,Yes,18-25,2024-09,Not Checked
CUST0401,Jamalia,32,Female,Kalimantan Utara,2025-03-25,gmelani@example.net,8159579167,No,26-35,2025-03,Not Checked
CUST0402,Fitria,48,Female,Sumatera Utara,2023-12-10,fitria_64@example.com,8946083224,Yes,46-60,2023-12,Not Checked
CUST0403,Tira,28,Female,DKI Jakarta,2024-06-30,842tira@example.com,80933026281,No,26-35,2024-06,Not Checked
CUST0404,Gasti,20,Female,Kepulauan Riau,2024-02-24,usyisusanti@example.net,80017775596,Yes,18-25,2024-02,Not Checked
CUST0405,Saka,44,Male,Nusa Tenggara Barat,2024-10-27,yuniarlalita@example.net,831573672,Yes,36-45,2024-10,Not Checked
CUST0406,Jelita,50,Female,Maluku Utara,2024-10-27,ikarajata@example.com,87089135965,No,46-60,2024-10,Not Checked
CUST0407,Fathonah,23,Female,Maluku Utara,2024-06-20,setya02@example.org,842859973888,Yes,18-25,2024-06,Check Failed
CUST0408,Tania,33,Female,unknown,2023-12-19,tania_31@example.com,853252996437,No,26-35,2023-12,Not Checked
CUST0409,Prasetyo,34,Male,Bali,2025-08-07,819prasetyo@example.com,831149234,Yes,26-35,2025-08,Not Checked
CUST0410,Daryani,24,Male,Bengkulu,2024-08-10,purnawatilasmono@example.net,83249485826,Yes,18-25,2024-08,Not Checked
CUST0411,Yosef,61,Male,DKI Jakarta,2025-03-16,coktaviani@example.net,8550812083,Yes,60+,2025-03,Not Checked
CUST0413,Dirja,50,Male,Jawa Timur,2024-08-12,974dirja@example.com,816007193859,Yes,46-60,2024-08,Not Checked
CUST0414,Prabu,50,Male,Jawa Tengah,2025-05-18,prabu_45@example.com,82292574055,Yes,46-60,2025-05,Not Checked
CUST0415,Chelsea,33,Female,Sumatera Barat,2024-01-13,rini70@example.net,87573679956,Yes,26-35,2024-01,Not Checked
CUST0416,Jono,25,Male,Gorontalo,2025-09-12,jono_21@example.com,81568944512,Yes,18-25,2025-09,Not Checked
CUST0417,Intan,36,Female,Kalimantan Barat,2025-02-09,intan420@example.com,832345147,Yes,36-45,2025-02,Not Checked
CUST0418,Zizi,44,Female,Papua Barat,2024-09-01,zizi591@example.com,86753162907,Yes,36-45,2024-09,Not Checked
CUST0419,Salimah,63,Female,Riau,2024-10-12,320salimah@example.com,871298647,Yes,60+,2024-10,Not Checked
CUST0420,Eko,35,Male,Kalimantan Utara,2023-12-11,gnarpati@example.org,866899360823,No,26-35,2023-12,Not Checked
CUST0421,Maryanto,65,Male,Papua Barat,2025-02-12,988maryanto@example.com,840495399781,Yes,60+,2025-02,Not Checked
CUST0422,Vicky,60,Female,Jambi,2024-05-01,murti19@example.net,884002556812,Yes,46-60,2024-05,Not Checked
CUST0423,Kani,20,Female,DI Yogyakarta,2025-04-17,kani139@example.com,875033185,Yes,18-25,2025-04,Not Checked
CUST0424,Adhiarja,57,Male,Sulawesi Utara,2025-07-26,kamal15@example.org,8404842294,Yes,46-60,2025-07,Not Checked
CUST0425,Eluh,43,Male,DI Yogyakarta,2023-12-25,jpalastri@example.com,8586798739,Yes,36-45,2023-12,Not Checked
CUST0426,Hafshah,30,Female,Nusa Tenggara Timur,2024-02-03,jaisjailani@example.org,840677400,Yes,26-35,2024-02,Not Checked
CUST0427,Ian,21,Male,Bali,2024-11-04,bancar95@example.net,8666828128,Yes,18-25,2024-11,Not Checked
CUST0428,Himawan,43,Male,Maluku Utara,2024-03-15,cprakasa@example.com,81296339629,Yes,36-45,2024-03,Not Checked
CUST0429,Hendri,43,Male,DI Yogyakarta,2024-08-15,margana84@example.net,8303439050,Yes,36-45,2024-08,Not Checked
CUST0430,Queen,19,Female,Papua,2024-06-20,nmustofa@example.net,855282492043,No,18-25,2024-06,Not Checked
CUST0431,Natalia,26,Female,Sulawesi Tenggara,2025-02-05,natalia653@example.com,82545729955,Yes,26-35,2025-02,Not Checked
CUST0432,Zelda,49,Female,Sulawesi Barat,2025-07-21,zelda771@example.com,845558985,Yes,46-60,2025-07,Not Checked
CUST0433,Jabal,52,Male,Gorontalo,2023-12-03,haryantodipa@example.org,806512185,Yes,46-60,2023-12,Not Checked
CUST0434,Patricia,30,Female,Bali,2023-09-26,gadangputra@example.com,8947300872,Yes,26-35,2023-09,Not Checked
CUST0738,Tugiman,25,Male,Banten,2025-02-08,tugiman_3@example.com,8928576444,Yes,18-25,2025-02,Not Checked
CUST0435,Wakiman,48,Male,unknown,2025-08-27,wakiman_43@example.com,83570133405,Yes,46-60,2025-08,Not Checked
CUST0436,Nabila,64,Female,Kalimantan Barat,2023-10-28,nabila_21@example.com,85261226114,Yes,60+,2023-10,Not Checked
CUST0437,Almira,32,Female,Kepulauan Riau,2025-06-22,narpatidaru@example.net,8146612707,Yes,26-35,2025-06,Not Checked
CUST0438,Rendy,62,Male,Sulawesi Barat,2023-11-08,873rendy@example.com,805689874,Yes,60+,2023-11,Not Checked
CUST0439,Lidya,61,Female,Gorontalo,2023-11-29,dhidayanto@example.org,8150867620,Yes,60+,2023-11,Not Checked
CUST0440,Bakiman,19,Male,Bali,2024-05-24,maman39@example.org,882410899977,Yes,18-25,2024-05,Not Checked
CUST0441,Ghani,41,Male,Papua,2025-05-21,212ghani@example.com,8015760516,No,36-45,2025-05,Not Checked
CUST0442,Paramita,65,Female,Banten,2025-03-05,paramita_72@example.com,850547114,Yes,60+,2025-03,Not Checked
CUST0443,Suci,37,Female,Nusa Tenggara Barat,2023-12-27,onugroho@example.net,86363525835,No,36-45,2023-12,Not Checked
CUST0444,Gangsa,44,Male,Sumatera Selatan,2023-12-18,darmanto25@example.com,80939361062,No,36-45,2023-12,Not Checked
CUST0445,Mulyono,23,Male,DI Yogyakarta,2023-12-30,artantowibisono@example.org,86688214131,Yes,18-25,2023-12,Not Checked
CUST0446,Gabriella,36,Female,Kalimantan Barat,2024-03-21,gabriella_57@example.com,8742520472,Yes,36-45,2024-03,Not Checked
CUST0447,Nilam,58,Female,Banten,2024-11-29,habibiteguh@example.com,8275136523,Yes,46-60,2024-11,Not Checked
CUST0448,Zelaya,49,Female,Sulawesi Tengah,2023-12-18,zelaya_55@example.com,84761872069,Yes,46-60,2023-12,Not Checked
CUST0449,Edward,25,Male,Gorontalo,2024-12-01,rachelprasasta@example.com,872759627397,Yes,18-25,2024-12,Not Checked
CUST0450,Taufik,29,Male,unknown,2025-05-18,hanayuniar@example.org,808810614,Yes,26-35,2025-05,Not Checked
CUST0451,Johan,28,Male,Sulawesi Tenggara,2025-08-16,lantar69@example.net,818754179603,No,26-35,2025-08,Not Checked
CUST0452,Kadir,43,Male,unknown,2024-12-31,kadir_23@example.com,877702556434,No,36-45,2024-12,Not Checked
CUST0453,Restu,54,Female,Papua,2024-12-25,xpradana@example.com,863919779926,Yes,46-60,2024-12,Not Checked
CUST0454,Praba,25,Male,Kepulauan Bangka Belitung,2025-03-18,usyi85@example.com,876176290,Yes,18-25,2025-03,Not Checked
CUST0455,Siti,63,Female,Gorontalo,2025-05-07,siti_68@example.com,89015008917,No,60+,2025-05,Not Checked
CUST0456,Yuni,28,Female,Sulawesi Tenggara,2024-09-05,pardipurnawati@example.org,819385771,Yes,26-35,2024-09,Not Checked
CUST0457,Nurul,21,Female,Kalimantan Utara,2025-02-25,nurul999@example.com,83808406626,Yes,18-25,2025-02,Not Checked
CUST0458,Eka,52,Female,Sulawesi Tenggara,2024-01-15,eka784@example.com,853610018,Yes,46-60,2024-01,Not Checked
CUST0459,Farah,41,Female,Banten,2025-05-04,hassanahestiono@example.org,83777898479,No,36-45,2025-05,Not Checked
CUST0460,Caket,37,Male,Papua,2025-04-10,caket_49@example.com,8042559901,No,36-45,2025-04,Not Checked
CUST0461,Wawan,46,Male,Banten,2024-09-21,mardhiyahwirda@example.com,8885034480,Yes,46-60,2024-09,Not Checked
CUST0462,Anita,47,Female,unknown,2025-06-23,anita_19@example.com,818292192,No,46-60,2025-06,Not Checked
CUST0463,Jelita,43,Female,Maluku,2025-03-10,dwihardiansyah@example.org,8260519603,Yes,36-45,2025-03,Not Checked
CUST0464,Jaga,32,Male,Sulawesi Tenggara,2023-11-15,jaga_20@example.com,894333945,Yes,26-35,2023-11,Not Checked
CUST0465,Ana,40,Female,Jawa Tengah,2024-11-09,hastamaryati@example.org,81935191800,No,36-45,2024-11,Not Checked
CUST0466,Puji,40,Female,Kepulauan Riau,2024-01-05,pratiwidodo@example.net,87531723688,Yes,36-45,2024-01,Not Checked
CUST0467,Calista,62,Female,Banten,2024-04-23,calista_63@example.com,859340774,Yes,60+,2024-04,Not Checked
CUST0468,Dipa,60,Male,Bali,2024-05-01,gabriella55@example.com,8016619551,Yes,46-60,2024-05,Not Checked
CUST0469,Galih,41,Male,Sulawesi Barat,2024-07-24,hsantoso@example.com,8170289161,Yes,36-45,2024-07,Not Checked
CUST0470,Gamani,62,Male,Jambi,2024-12-14,kairav71@example.org,899529360455,No,60+,2024-12,Not Checked
CUST0471,Indra,26,Male,Aceh,2024-01-20,indra470@example.com,8995785381,Yes,26-35,2024-01,Not Checked
CUST0472,Widya,63,Female,Papua,2024-12-12,ajanuar@example.net,8013014584,Yes,60+,2024-12,Not Checked
CUST0473,Tasnim,43,Male,Banten,2024-06-23,tasnim_1@example.com,8906479961,Yes,36-45,2024-06,Not Checked
CUST0474,Ida,51,Female,Jawa Timur,2025-08-19,jnatsir@example.org,89394921829,Yes,46-60,2025-08,Not Checked
CUST0475,Jane,52,Female,Nusa Tenggara Barat,2024-10-05,jane_87@example.com,821680221,Yes,46-60,2024-10,Not Checked
CUST0476,Gandi,40,Male,Bali,2025-06-15,salwa32@example.com,8831632714,Yes,36-45,2025-06,Not Checked
CUST0477,Ana,24,Female,Kalimantan Tengah,2025-08-27,yzulaika@example.org,886572469,Yes,18-25,2025-08,Not Checked
CUST0478,Harjo,20,Male,Sulawesi Tenggara,2025-09-11,harjo994@example.com,848331249,Yes,18-25,2025-09,Not Checked
CUST0479,Vera,50,Female,Kalimantan Tengah,2024-11-20,vera594@example.com,862016410634,Yes,46-60,2024-11,Not Checked
CUST0480,Kasiyah,63,Female,Kalimantan Tengah,2024-11-24,xhardiansyah@example.net,8499160675,No,60+,2024-11,Not Checked
CUST0481,Among,58,Male,Banten,2023-10-18,udaharyanti@example.com,8708656749,Yes,46-60,2023-10,Not Checked
CUST0482,Nadine,18,Female,Jawa Timur,2024-06-10,mustofa70@example.com,8534366486,No,<18,2024-06,Not Checked
CUST0483,Eluh,63,Male,Maluku Utara,2025-06-01,471eluh@example.com,898106586830,Yes,60+,2025-06,Not Checked
CUST0484,Lalita,46,Female,Sulawesi Tenggara,2025-03-20,damanikajiman@example.com,848294560564,No,46-60,2025-03,Not Checked
CUST0485,Nyoman,60,Male,Papua,2025-04-01,nyoman624@example.com,8121445073,No,46-60,2025-04,Not Checked
CUST0486,Lukita,44,Male,Riau,2025-05-22,raihansitorus@example.net,8928343770,Yes,36-45,2025-05,Not Checked
CUST0487,Dadi,23,Male,Maluku Utara,2024-06-04,220dadi@example.com,829658156,No,18-25,2024-06,Not Checked
CUST0488,Ella,35,Female,Banten,2023-11-12,915ella@example.com,8552300799,Yes,26-35,2023-11,Not Checked
CUST0489,Janet,19,Female,Nusa Tenggara Timur,2025-05-03,janet_97@example.com,8896988511,Yes,18-25,2025-05,Not Checked
CUST0490,Shakila,63,Female,Sumatera Utara,2024-09-16,shutapea@example.net,8809258230,Yes,60+,2024-09,Not Checked
CUST0491,Okto,43,Male,Sulawesi Selatan,2024-05-21,miswahyudi@example.org,822430125835,Yes,36-45,2024-05,Not Checked
CUST0492,Karman,54,Male,Papua,2023-12-09,rhalim@example.org,820039965575,No,46-60,2023-12,Not Checked
CUST0493,Cemplunk,28,Male,Papua,2024-03-30,labuhmelani@example.net,890846104,Yes,26-35,2024-03,Not Checked
CUST0494,Cawuk,25,Male,DI Yogyakarta,2024-06-14,107cawuk@example.com,893158019,Yes,18-25,2024-06,Not Checked
CUST0495,Restu,62,Female,Nusa Tenggara Barat,2023-12-03,putama@example.net,86073006237,No,60+,2023-12,Not Checked
CUST0496,Gambira,51,Male,Kalimantan Timur,2024-04-13,malikusamah@example.org,85183880978,Yes,46-60,2024-04,Not Checked
CUST0497,Olga,20,Male,Nusa Tenggara Barat,2025-09-03,nrimapalastri@example.com,8139665356,Yes,18-25,2025-09,Not Checked
CUST0498,Prayogo,41,Male,Nusa Tenggara Barat,2025-09-04,cakrabirawautama@example.net,87553646101,Yes,36-45,2025-09,Not Checked
CUST0499,Febi,64,Female,Sumatera Utara,2025-09-10,312febi@example.com,824585846,Yes,60+,2025-09,Not Checked
CUST0500,Nurul,63,Female,Sulawesi Tenggara,2024-06-26,khidayanto@example.org,840216274223,No,60+,2024-06,Not Checked
CUST0501,Rizki,33,Male,Kalimantan Tengah,2024-11-23,cinthiaadriansyah@example.org,816417363,Yes,26-35,2024-11,Not Checked
CUST0502,Yance,33,Female,Sulawesi Barat,2023-11-10,gentamanullang@example.com,83387179800,Yes,26-35,2023-11,Not Checked
CUST0503,Sari,44,Female,Jawa Tengah,2023-10-21,yusada@example.net,84520931012,Yes,36-45,2023-10,Not Checked
CUST0504,Harja,55,Male,Nusa Tenggara Barat,2024-04-19,380harja@example.com,8173763431,Yes,46-60,2024-04,Not Checked
CUST0505,Farhunnisa,43,Female,unknown,2024-11-30,melaniputu@example.org,83122555896,Yes,36-45,2024-11,Not Checked
CUST0506,Maida,23,Female,Sulawesi Selatan,2023-11-05,maida_35@example.com,821489320060,Yes,18-25,2023-11,Not Checked
CUST0507,Tiara,50,Female,Kalimantan Barat,2024-03-14,umiardianto@example.com,802694522559,Yes,46-60,2024-03,Not Checked
CUST0508,Cindy,31,Female,Aceh,2024-08-26,cindy_92@example.com,8157123413,Yes,26-35,2024-08,Not Checked
CUST0509,Zahra,59,Female,Sulawesi Tenggara,2024-12-13,hutasoitgasti@example.com,8281249016,Yes,46-60,2024-12,Not Checked
CUST0510,Kasusra,22,Male,Maluku,2024-09-26,kasusra_32@example.com,8875416832,No,18-25,2024-09,Not Checked
CUST0511,Daryani,30,Male,Jawa Timur,2024-05-14,nbudiman@example.com,882293065457,No,26-35,2024-05,Not Checked
CUST0512,Suci,31,Female,Maluku Utara,2025-05-07,646suci@example.com,8180447176,Yes,26-35,2025-05,Not Checked
CUST0513,Edward,45,Male,Riau,2024-12-19,edward_74@example.com,895085151,Yes,36-45,2024-12,Not Checked
CUST0515,Zaenab,30,Female,DKI Jakarta,2025-06-25,veraagustina@example.com,810515180833,No,26-35,2025-06,Not Checked
CUST0516,Tantri,24,Female,Sumatera Selatan,2024-03-14,narpatinarji@example.com,80440073102,Yes,18-25,2024-03,Not Checked
CUST0517,Atma,58,Male,Maluku Utara,2024-11-16,atma_32@example.com,84202092217,Yes,46-60,2024-11,Not Checked
CUST0518,Puspa,44,Female,Lampung,2023-11-15,puspa_77@example.com,8732972729,No,36-45,2023-11,Check Failed
CUST0519,Hasna,47,Female,DI Yogyakarta,2024-04-04,vramadan@example.com,804637235565,No,46-60,2024-04,Not Checked
CUST0520,Mursinin,38,Male,Jawa Barat,2024-04-07,941mursinin@example.com,861790239909,Yes,36-45,2024-04,Not Checked
CUST0521,Gadang,26,Male,Maluku Utara,2023-10-04,pprayoga@example.net,82337500837,No,26-35,2023-10,Not Checked
CUST0523,Satya,43,Male,Kepulauan Riau,2025-09-03,185satya@example.com,864794405,Yes,36-45,2025-09,Not Checked
CUST0524,Fitriani,20,Female,Riau,2024-01-31,55fitriani@example.com,87690778521,Yes,18-25,2024-01,Not Checked
CUST0525,Lukman,54,Male,Maluku,2025-03-26,lukman961@example.com,858150160538,Yes,46-60,2025-03,Not Checked
CUST0526,Sabrina,33,Female,Sulawesi Tenggara,2024-02-26,sabrina_76@example.com,865156246,Yes,26-35,2024-02,Not Checked
CUST0527,Talia,33,Female,Kalimantan Timur,2024-01-28,talia701@example.com,810869442987,No,26-35,2024-01,Not Checked
CUST0528,Eluh,39,Male,Sumatera Barat,2024-05-16,karta98@example.net,863506234,Yes,36-45,2024-05,Not Checked
CUST0529,Unggul,45,Male,Sulawesi Utara,2025-07-07,508unggul@example.com,843088550187,Yes,36-45,2025-07,Not Checked
CUST0530,Bahuwirya,57,Male,Kalimantan Selatan,2025-01-02,opertiwi@example.com,899274423,Yes,46-60,2025-01,Not Checked
CUST0531,Vanesa,18,Female,Sulawesi Selatan,2025-05-27,295vanesa@example.com,8205618831,No,<18,2025-05,Not Checked
CUST0532,Nasrullah,38,Male,Kalimantan Timur,2024-02-29,intanyulianti@example.org,8637059451,Yes,36-45,2024-02,Not Checked
CUST0533,Gilang,58,Male,Sulawesi Utara,2025-01-26,998gilang@example.com,80416865056,No,46-60,2025-01,Not Checked
CUST0534,Arsipatra,52,Male,Nusa Tenggara Barat,2023-09-28,danuwacana@example.net,89158103851,Yes,46-60,2023-09,Not Checked
CUST0535,Padmi,40,Female,Kepulauan Bangka Belitung,2024-05-16,551padmi@example.com,835329272,Yes,36-45,2024-05,Not Checked
CUST0536,Jamal,57,Male,Aceh,2023-11-25,lutfanmaryati@example.net,831353680,Yes,46-60,2023-11,Not Checked
CUST0537,Wardaya,58,Male,Kalimantan Timur,2024-02-15,wardaya_49@example.com,828349372342,No,46-60,2024-02,Not Checked
CUST0538,Humaira,60,Female,Sumatera Utara,2024-10-24,empluk17@example.org,889213175,Yes,46-60,2024-10,Not Checked
CUST0539,Gamanto,64,Male,Nusa Tenggara Timur,2024-07-24,mkusmawati@example.com,8013881015,Yes,60+,2024-07,Not Checked
CUST0540,Usman,54,Male,Sumatera Barat,2024-01-27,adriansyahupik@example.net,8186080087,Yes,46-60,2024-01,Not Checked
CUST0541,Nadine,40,Female,unknown,2025-04-02,910nadine@example.com,89144806208,Yes,36-45,2025-04,Not Checked
CUST0542,Johan,18,Male,Kalimantan Utara,2024-10-05,johan_22@example.com,80747150531,Yes,<18,2024-10,Not Checked
CUST0543,Edi,51,Male,Jawa Barat,2025-03-08,yolandapandu@example.org,893771273,No,46-60,2025-03,Not Checked
CUST0544,Rika,65,Female,Sulawesi Barat,2024-08-29,okto01@example.net,8681896170,Yes,60+,2024-08,Not Checked
CUST0545,Cahyanto,33,Male,unknown,2024-03-14,damanikhari@example.com,8229338944,Yes,26-35,2024-03,Not Checked
CUST0546,Jinawi,53,Male,Nusa Tenggara Barat,2025-07-30,baktiantomaryadi@example.net,802528649861,Yes,46-60,2025-07,Not Checked
CUST0547,Jaka,65,Male,Banten,2024-05-13,khandayani@example.net,81692526382,Yes,60+,2024-05,Not Checked
CUST0548,Respati,52,Male,Sumatera Utara,2024-04-01,respati_80@example.com,86801676795,Yes,46-60,2024-04,Not Checked
CUST0549,Opan,53,Male,Nusa Tenggara Timur,2024-04-03,jefrisimbolon@example.com,822387264763,Yes,46-60,2024-04,Not Checked
CUST0550,Lanjar,45,Male,DI Yogyakarta,2023-12-12,lanjar34@example.com,89453698962,No,36-45,2023-12,Not Checked
CUST0551,Sabrina,46,Female,Sulawesi Utara,2024-09-13,sabrina_19@example.com,821436524,Yes,46-60,2024-09,Not Checked
CUST0552,Rachel,18,Female,Sulawesi Utara,2023-10-29,huwais@example.com,828346782,No,<18,2023-10,Not Checked
CUST0553,Ilsa,37,Female,Nusa Tenggara Barat,2024-05-04,muni83@example.com,806927372902,Yes,36-45,2024-05,Not Checked
CUST0554,Jabal,57,Male,Kalimantan Utara,2024-11-09,lutami@example.org,8876760687,Yes,46-60,2024-11,Not Checked
CUST0555,Dina,46,Female,Sulawesi Utara,2024-09-02,xsaptono@example.com,8766791515,No,46-60,2024-09,Not Checked
CUST0556,Uchita,32,Female,Kepulauan Riau,2024-11-11,uchita_41@example.com,880585988,No,26-35,2024-11,Not Checked
CUST0557,Vivi,60,Female,DKI Jakarta,2024-11-20,vivi_70@example.com,87508446274,Yes,46-60,2024-11,Not Checked
CUST0558,Umi,36,Female,Papua,2025-09-21,umi_87@example.com,86349948799,No,36-45,2025-09,Not Checked
CUST0559,Chandra,32,Male,Riau,2025-06-15,445chandra@example.com,841150898,Yes,26-35,2025-06,Not Checked
CUST0560,Ika,18,Female,Banten,2025-04-21,gilangriyanti@example.net,87945676325,Yes,<18,2025-04,Not Checked
CUST0561,Irwan,28,Male,Sumatera Utara,2024-07-09,nurdiyantipuspa@example.com,82427280509,No,26-35,2024-07,Not Checked
CUST0562,Ellis,61,Female,Jawa Tengah,2025-04-06,ellis827@example.com,8403810339,Yes,60+,2025-04,Not Checked
CUST0563,Nyoman,65,Male,Maluku,2024-06-16,479nyoman@example.com,8938539413,Yes,60+,2024-06,Not Checked
CUST0564,Yulia,44,Female,Aceh,2023-10-13,qfujiati@example.net,879965708691,No,36-45,2023-10,Not Checked
CUST0565,Dalima,47,Female,DKI Jakarta,2025-04-20,lwaskita@example.com,804599441,Yes,46-60,2025-04,Not Checked
CUST0566,Kurnia,39,Male,Bengkulu,2024-10-20,kurnia_82@example.com,822629330832,Yes,36-45,2024-10,Not Checked
CUST0567,Cagak,43,Male,Nusa Tenggara Barat,2023-09-28,gantar77@example.com,881592087,Yes,36-45,2023-09,Not Checked
CUST0568,Lidya,64,Female,Kepulauan Riau,2024-04-03,starihoran@example.com,83914376087,Yes,60+,2024-04,Not Checked
CUST0569,Padmi,40,Female,Kalimantan Barat,2025-05-04,padmi889@example.com,8574252962,Yes,36-45,2025-05,Not Checked
CUST0570,Jaeman,54,Male,Kepulauan Bangka Belitung,2025-01-18,langgengwasita@example.net,8214898882,Yes,46-60,2025-01,Not Checked
CUST0571,Rahmi,18,Female,Papua Barat,2024-07-17,laksmiwaticahyanto@example.com,823484885,Yes,<18,2024-07,Not Checked
CUST0572,Ibun,44,Male,Sulawesi Utara,2024-11-22,puput41@example.com,847310206,No,36-45,2024-11,Not Checked
CUST0573,Putri,21,Female,Kepulauan Bangka Belitung,2024-05-06,hkuswandari@example.org,843082793,No,18-25,2024-05,Not Checked
CUST0574,Estiawan,65,Male,Kalimantan Tengah,2024-05-16,estiawan_78@example.com,856479103,Yes,60+,2024-05,Not Checked
CUST0575,Silvia,46,Female,Kepulauan Bangka Belitung,2024-11-06,fputra@example.net,85058599965,Yes,46-60,2024-11,Not Checked
CUST0576,Paulin,45,Female,Kalimantan Timur,2023-11-11,mulyaniendra@example.net,8258644049,Yes,36-45,2023-11,Not Checked
CUST0577,Mursinin,37,Male,Kalimantan Tengah,2024-05-22,waniwastuti@example.org,81117014417,Yes,36-45,2024-05,Not Checked
CUST0578,Oni,35,Female,Sulawesi Selatan,2025-06-18,oni_60@example.com,863946874510,No,26-35,2025-06,Not Checked
CUST0579,Prayogo,54,Male,Kalimantan Utara,2024-09-18,rahman53@example.com,860657726952,Yes,46-60,2024-09,Not Checked
CUST0580,Lala,40,Female,DKI Jakarta,2024-04-05,jmayasari@example.org,809443000765,No,36-45,2024-04,Not Checked
CUST0581,Agnes,42,Female,Jawa Barat,2024-03-30,309agnes@example.com,8727289764,Yes,36-45,2024-03,Not Checked
CUST0582,Tina,59,Female,Maluku Utara,2024-06-01,oliviamaheswara@example.net,8196787938,Yes,46-60,2024-06,Not Checked
CUST0583,Gilda,53,Female,Aceh,2023-12-05,jumarisafitri@example.org,890959121549,Yes,46-60,2023-12,Not Checked
CUST0584,Tedi,34,Male,Papua,2025-02-01,waluyoulya@example.org,885511722670,Yes,26-35,2025-02,Not Checked
CUST0585,Lutfan,58,Male,Maluku,2024-12-05,ulipertiwi@example.com,86379130538,No,46-60,2024-12,Not Checked
CUST0586,Ihsan,35,Male,Papua,2024-06-10,wirda13@example.net,825591487828,No,26-35,2024-06,Not Checked
CUST0587,Ani,48,Female,Kepulauan Riau,2025-04-21,ksiregar@example.org,82452288245,Yes,46-60,2025-04,Not Checked
CUST0588,Elisa,62,Female,Jawa Timur,2023-10-12,sidiqmaryadi@example.org,856045232203,No,60+,2023-10,Not Checked
CUST0589,Prayoga,44,Male,Lampung,2025-06-15,winarsihgadang@example.org,89712784295,Yes,36-45,2025-06,Not Checked
CUST0590,Kasiran,47,Male,Kalimantan Timur,2024-12-04,hardi57@example.com,8519926904,Yes,46-60,2024-12,Not Checked
CUST0591,Mitra,62,Male,Sulawesi Selatan,2024-11-21,mitra_96@example.com,80074153153,Yes,60+,2024-11,Not Checked
CUST0592,Arta,35,Male,Maluku Utara,2024-11-03,202arta@example.com,858833371,Yes,26-35,2024-11,Not Checked
CUST0593,Faizah,53,Female,Jawa Tengah,2025-01-22,570faizah@example.com,834638969,Yes,46-60,2025-01,Not Checked
CUST0594,Gina,40,Female,Gorontalo,2023-12-25,shanialailasari@example.net,818590978872,No,36-45,2023-12,Not Checked
CUST0595,Siti,45,Female,Sulawesi Selatan,2024-10-16,hadi28@example.net,811047236,Yes,36-45,2024-10,Not Checked
CUST0596,Lega,59,Male,Sulawesi Utara,2025-03-21,877lega@example.com,863039556,Yes,46-60,2025-03,Not Checked
CUST0597,Paulin,56,Female,Nusa Tenggara Barat,2025-04-17,lprasetyo@example.net,8705514829,Yes,46-60,2025-04,Not Checked
CUST0598,Jindra,39,Male,Aceh,2025-06-04,jindra13@example.com,877080305,Yes,36-45,2025-06,Not Checked
CUST0599,Jaeman,60,Male,Kalimantan Tengah,2024-10-30,jaeman_80@example.com,819937348329,Yes,46-60,2024-10,Not Checked
CUST0600,Lukman,22,Male,Sumatera Barat,2024-06-27,lukman_28@example.com,8244948694,No,18-25,2024-06,Not Checked
CUST0601,Asirwanda,21,Male,unknown,2024-03-04,asirwanda_21@example.com,8431403682,Yes,18-25,2024-03,Not Checked
CUST0602,Kani,22,Female,Bali,2025-08-06,kani_93@example.com,843755267,No,18-25,2025-08,Not Checked
CUST0603,Ganjaran,26,Male,DI Yogyakarta,2025-07-09,gharyanti@example.com,892960549777,Yes,26-35,2025-07,Not Checked
CUST0604,Laswi,50,Male,Jawa Tengah,2024-10-23,faizahirawan@example.org,84033451513,Yes,46-60,2024-10,Not Checked
CUST0605,Titin,61,Female,Maluku Utara,2024-08-16,ppurwanti@example.net,871369497965,Yes,60+,2024-08,Not Checked
CUST0606,Zulfa,63,Female,Lampung,2024-09-18,zulfa_40@example.com,8997409873,Yes,60+,2024-09,Not Checked
CUST0607,Bala,65,Male,Sulawesi Tenggara,2024-06-05,prabuwasita@example.net,862223646800,No,60+,2024-06,Not Checked
CUST0608,Nova,33,Female,Kalimantan Selatan,2025-06-13,hasanahdarijan@example.net,879131319,Yes,26-35,2025-06,Not Checked
CUST0860,Winda,38,Female,unknown,2025-08-09,549winda@example.com,873339264,Yes,36-45,2025-08,Not Checked
CUST0609,Karsana,41,Male,Aceh,2024-06-01,672karsana@example.com,84372668323,No,36-45,2024-06,Not Checked
CUST0610,Salsabila,29,Female,Sulawesi Tenggara,2024-03-17,salsabila_71@example.com,822887770616,Yes,26-35,2024-03,Not Checked
CUST0611,Gilda,40,Female,Maluku Utara,2025-05-02,620gilda@example.com,813990681066,Yes,36-45,2025-05,Not Checked
CUST0612,Jane,56,Female,Jawa Barat,2025-01-04,bakiono12@example.com,814511115358,Yes,46-60,2025-01,Not Checked
CUST0613,Tira,41,Female,DI Yogyakarta,2023-10-25,paris03@example.com,8821442514,Yes,36-45,2023-10,Not Checked
CUST0614,Ibun,38,Male,Bengkulu,2024-04-04,hari52@example.com,805834605547,Yes,36-45,2024-04,Not Checked
CUST0615,Aurora,40,Female,Bali,2024-02-20,439aurora@example.com,808862476,Yes,36-45,2024-02,Not Checked
CUST0616,Yessi,27,Female,Aceh,2024-07-27,921yessi@example.com,8121074803,Yes,26-35,2024-07,Not Checked
CUST0617,Vanya,18,Female,Sulawesi Tengah,2025-01-24,yusamah@example.org,83616720096,Yes,<18,2025-01,Not Checked
CUST0618,Irsad,42,Male,Kalimantan Timur,2025-03-07,karimah84@example.com,8612884980,Yes,36-45,2025-03,Not Checked
CUST0619,Tirta,60,Male,Sulawesi Tenggara,2024-09-20,legawawacana@example.net,884902099,Yes,46-60,2024-09,Not Checked
CUST0620,Mustika,61,Male,Lampung,2024-10-08,nainggolanwakiman@example.com,88513080865,No,60+,2024-10,Not Checked
CUST0621,Najam,50,Male,Jawa Tengah,2024-02-20,najam_35@example.com,897219775372,Yes,46-60,2024-02,Not Checked
CUST0622,Limar,46,Male,Kalimantan Utara,2024-10-14,permadidewi@example.net,886603515,No,46-60,2024-10,Not Checked
CUST0623,Yuliana,50,Female,Banten,2024-07-20,dewimegantara@example.net,8627817507,Yes,46-60,2024-07,Not Checked
CUST0624,Saiful,58,Male,Kepulauan Bangka Belitung,2024-04-10,xpradana@example.org,81432596102,Yes,46-60,2024-04,Not Checked
CUST0625,Rahayu,27,Female,DI Yogyakarta,2024-12-11,941rahayu@example.com,8660743548,No,26-35,2024-12,Not Checked
CUST0626,Ida,21,Female,Kalimantan Selatan,2024-08-21,usadamila@example.org,89782150978,Yes,18-25,2024-08,Not Checked
CUST0627,Jelita,22,Female,Riau,2023-11-30,jelita_54@example.com,8407248064,Yes,18-25,2023-11,Not Checked
CUST0628,Hani,48,Female,Gorontalo,2023-12-08,842hani@example.com,852846720,Yes,46-60,2023-12,Not Checked
CUST0629,Baktiadi,37,Male,Aceh,2024-04-14,820baktiadi@example.com,886652148046,Yes,36-45,2024-04,Not Checked
CUST0630,Ophelia,47,Female,Maluku Utara,2024-08-24,himawan20@example.org,81451106781,Yes,46-60,2024-08,Not Checked
CUST0631,Gamanto,52,Male,Kalimantan Utara,2023-12-30,464gamanto@example.com,871028575,Yes,46-60,2023-12,Not Checked
CUST0632,Vanesa,28,Female,Papua,2023-10-03,vanesa474@example.com,8433804243,No,26-35,2023-10,Not Checked
CUST0633,Samsul,57,Male,Aceh,2024-06-10,candrayolanda@example.com,80578570905,Yes,46-60,2024-06,Not Checked
CUST0634,Cemeti,34,Male,unknown,2024-04-04,cemplunkwidodo@example.com,852504513,Yes,26-35,2024-04,Not Checked
CUST0635,Wahyu,20,Male,Sumatera Utara,2025-03-15,budisitumorang@example.net,845369362416,No,18-25,2025-03,Not Checked
CUST0636,Mustika,43,Male,Sulawesi Tenggara,2024-03-28,bala07@example.com,8806412674,Yes,36-45,2024-03,Not Checked
CUST0637,Rina,48,Female,Sumatera Selatan,2024-12-04,94rina@example.com,828801022,Yes,46-60,2024-12,Not Checked
CUST0638,Utama,50,Male,Nusa Tenggara Barat,2025-05-10,hasanahokto@example.org,815295768,Yes,46-60,2025-05,Not Checked
CUST0639,Damar,43,Male,Jambi,2024-02-16,damar_13@example.com,899735272,Yes,36-45,2024-02,Not Checked
CUST0640,Prakosa,53,Male,Jawa Tengah,2023-09-26,prakosa_11@example.com,8974622595,Yes,46-60,2023-09,Not Checked
CUST0641,Jagaraga,60,Male,unknown,2023-10-07,107jagaraga@example.com,8990445119,Yes,46-60,2023-10,Not Checked
CUST0642,Dina,19,Female,Sulawesi Barat,2024-06-08,dina54@example.com,802910809000,Yes,18-25,2024-06,Not Checked
CUST0643,Kemal,18,Male,Jawa Barat,2025-07-23,923kemal@example.com,883034661,Yes,<18,2025-07,Not Checked
CUST0644,Genta,53,Female,Jawa Barat,2024-12-09,genta_14@example.com,88375011629,Yes,46-60,2024-12,Not Checked
CUST0645,Citra,53,Female,Maluku,2024-12-12,citra_23@example.com,89832362663,No,46-60,2024-12,Not Checked
CUST0646,Rafi,42,Male,Maluku Utara,2024-08-23,emin81@example.org,87520182694,No,36-45,2024-08,Not Checked
CUST0647,Upik,20,Male,Sulawesi Selatan,2025-03-21,faizah37@example.net,823077372,Yes,18-25,2025-03,Not Checked
CUST0648,Lidya,48,Female,DKI Jakarta,2025-04-22,uwaisjamil@example.com,83566634506,Yes,46-60,2025-04,Not Checked
CUST0649,Caturangga,43,Male,Nusa Tenggara Timur,2024-02-15,padmasariganjaran@example.net,842940543,Yes,36-45,2024-02,Not Checked
CUST0650,Edi,33,Male,unknown,2023-11-10,66edi@example.com,823265292645,Yes,26-35,2023-11,Not Checked
CUST0651,Karsa,51,Male,Sulawesi Utara,2024-01-01,karsa639@example.com,81101529747,Yes,46-60,2024-01,Not Checked
CUST0652,Jatmiko,28,Male,Kalimantan Tengah,2024-04-19,ika39@example.net,839344864,Yes,26-35,2024-04,Not Checked
CUST0653,Salimah,32,Female,Lampung,2025-02-04,salimah_81@example.com,844492489852,No,26-35,2025-02,Not Checked
CUST0654,Empluk,48,Male,Banten,2024-07-05,bagas61@example.org,816856958,No,46-60,2024-07,Not Checked
CUST0655,Galak,25,Male,DKI Jakarta,2025-03-20,galak873@example.com,814018461,No,18-25,2025-03,Not Checked
CUST0656,Damar,58,Male,Nusa Tenggara Barat,2025-06-26,mustofa35@example.com,85527810726,Yes,46-60,2025-06,Not Checked
CUST0657,Kartika,24,Female,Jawa Barat,2025-07-15,salwa82@example.com,888762476,Yes,18-25,2025-07,Check Failed
CUST0658,Jagaraga,56,Male,DI Yogyakarta,2025-04-02,fujiatidaryani@example.com,86284863979,No,46-60,2025-04,Not Checked
CUST0659,Gaiman,50,Male,Gorontalo,2024-09-30,gaiman_38@example.com,843988791,Yes,46-60,2024-09,Not Checked
CUST0660,Ade,30,Female,Papua,2024-02-02,978ade@example.com,82838046583,No,26-35,2024-02,Not Checked
CUST0662,Gada,47,Male,Kalimantan Selatan,2024-10-21,gada939@example.com,839506973293,Yes,46-60,2024-10,Not Checked
CUST0663,Melinda,40,Female,Jawa Timur,2025-01-12,989melinda@example.com,8605603918,Yes,36-45,2025-01,Not Checked
CUST0664,Michelle,25,Female,Kalimantan Selatan,2025-03-26,408michelle@example.com,837828266,Yes,18-25,2025-03,Not Checked
CUST0665,Prakosa,50,Male,Papua,2025-07-12,humaira13@example.net,879933014807,No,46-60,2025-07,Not Checked
CUST0666,Jaiman,63,Male,Gorontalo,2025-03-25,swahyuni@example.net,8468511994,Yes,60+,2025-03,Not Checked
CUST0667,Balijan,25,Male,Gorontalo,2024-11-27,ksuryatmi@example.net,874544345358,Yes,18-25,2024-11,Not Checked
CUST0668,Ajimat,60,Male,Sulawesi Utara,2024-05-27,ajimat722@example.com,883294231,Yes,46-60,2024-05,Not Checked
CUST0669,Dalimin,31,Male,Kalimantan Timur,2023-11-15,ssantoso@example.net,8894840598,No,26-35,2023-11,Not Checked
CUST0670,Bakti,36,Male,Lampung,2025-09-18,bakti_14@example.com,81997368461,Yes,36-45,2025-09,Not Checked
CUST0671,Ismail,40,Male,Kepulauan Bangka Belitung,2024-03-08,ismail168@example.com,8283514490,Yes,36-45,2024-03,Not Checked
CUST0672,Kartika,38,Female,Riau,2024-01-30,xpratiwi@example.net,806240356,Yes,36-45,2024-01,Not Checked
CUST0673,Pia,30,Female,Bengkulu,2024-02-28,oktavianihartaka@example.net,8243723031,No,26-35,2024-02,Not Checked
CUST0674,Vicky,53,Female,Sumatera Selatan,2024-09-09,vicky_20@example.com,848677025,Yes,46-60,2024-09,Not Checked
CUST0675,Saka,29,Male,Aceh,2024-12-20,gandirahayu@example.org,89549132065,Yes,26-35,2024-12,Not Checked
CUST0676,Mila,64,Female,Sumatera Barat,2024-08-30,mila966@example.com,81965795730,Yes,60+,2024-08,Not Checked
CUST0677,Gawati,60,Female,Sumatera Selatan,2024-10-03,wibisonoedi@example.org,836399186101,Yes,46-60,2024-10,Not Checked
CUST0678,Halima,42,Female,Nusa Tenggara Barat,2025-04-28,iuwais@example.net,843115878464,Yes,36-45,2025-04,Not Checked
CUST0680,Tania,52,Female,Kalimantan Selatan,2024-09-06,galionowasita@example.net,85024295384,No,46-60,2024-09,Not Checked
CUST0681,Gina,34,Female,DI Yogyakarta,2025-09-04,mandasarihasta@example.com,886383735430,No,26-35,2025-09,Not Checked
CUST0682,Agnes,30,Female,Sulawesi Tengah,2025-03-10,jagapatiwasita@example.com,802302768,Yes,26-35,2025-03,Not Checked
CUST0683,Aisyah,21,Female,unknown,2025-02-11,agusadriansyah@example.net,86445039754,Yes,18-25,2025-02,Not Checked
CUST0684,Zamira,20,Female,Nusa Tenggara Barat,2024-01-03,863zamira@example.com,814042975117,Yes,18-25,2024-01,Not Checked
CUST0685,Jaiman,43,Male,Sulawesi Selatan,2024-08-11,jaiman538@example.com,818103569,Yes,36-45,2024-08,Not Checked
CUST0686,Slamet,43,Male,Gorontalo,2024-02-28,144slamet@example.com,825675276374,Yes,36-45,2024-02,Not Checked
CUST0687,Viktor,31,Male,DKI Jakarta,2025-01-12,mandalajasmani@example.com,816703639,Yes,26-35,2025-01,Not Checked
CUST0688,Jaga,36,Male,Papua Barat,2024-11-22,wasishutagalung@example.org,8001846038,No,36-45,2024-11,Not Checked
CUST0689,Wahyu,55,Male,Kalimantan Tengah,2024-07-20,wahyu_93@example.com,882315176,Yes,46-60,2024-07,Not Checked
CUST0690,Clara,18,Female,Gorontalo,2024-02-16,clara_1@example.com,88870646610,Yes,<18,2024-02,Not Checked
CUST0691,Elvina,32,Female,Sulawesi Utara,2024-08-04,443elvina@example.com,84736764699,Yes,26-35,2024-08,Not Checked
CUST0692,Kasiyah,18,Female,Jambi,2024-04-13,865kasiyah@example.com,869825404,Yes,<18,2024-04,Not Checked
CUST0693,Cakrabirawa,27,Male,Banten,2025-02-18,asaragih@example.net,895774125,No,26-35,2025-02,Not Checked
CUST0694,Adiarja,44,Male,Papua Barat,2025-06-23,adiarja_50@example.com,804009508,No,36-45,2025-06,Not Checked
CUST0695,Putu,19,Male,Jambi,2025-08-15,573putu@example.com,807729943,Yes,18-25,2025-08,Not Checked
CUST0696,Melinda,65,Female,Jambi,2024-01-05,sinagamahesa@example.org,82287594507,Yes,60+,2024-01,Not Checked
CUST0697,Eka,53,Male,Bali,2025-09-01,eka_40@example.com,8160778839,Yes,46-60,2025-09,Not Checked
CUST0698,Fathonah,49,Female,Bengkulu,2025-08-31,rajatabakianto@example.org,828083699871,Yes,46-60,2025-08,Not Checked
CUST0699,Yoga,45,Male,Kalimantan Timur,2024-04-26,kawayadongoran@example.com,895059196381,Yes,36-45,2024-04,Not Checked
CUST0700,Leo,50,Male,Kepulauan Riau,2024-07-19,asmadimegantara@example.com,867258473818,No,46-60,2024-07,Not Checked
CUST0701,Padma,56,Female,Sulawesi Barat,2025-05-02,937padma@example.com,84110152654,Yes,46-60,2025-05,Not Checked
CUST0702,Hana,20,Female,Jawa Tengah,2025-01-03,hana611@example.com,853585286,Yes,18-25,2025-01,Not Checked
CUST0703,Maryadi,51,Male,Jambi,2024-04-13,maryadi_37@example.com,815004463,Yes,46-60,2024-04,Not Checked
CUST0704,Talia,52,Female,DKI Jakarta,2024-03-23,putu80@example.org,808950494,No,46-60,2024-03,Not Checked
CUST0705,Karen,37,Female,Jawa Timur,2024-08-10,535karen@example.com,846176015737,Yes,36-45,2024-08,Not Checked
CUST0706,Carla,40,Female,Lampung,2024-04-11,carla92@example.com,88670205486,Yes,36-45,2024-04,Not Checked
CUST0707,Waluyo,38,Male,Sumatera Utara,2024-04-17,mtamba@example.com,826168202128,No,36-45,2024-04,Not Checked
CUST0708,Safina,47,Female,unknown,2024-02-04,bambang52@example.net,839301635,Yes,46-60,2024-02,Not Checked
CUST0709,Elisa,62,Female,Kalimantan Barat,2024-12-04,iswahyudimartaka@example.net,883761055,Yes,60+,2024-12,Not Checked
CUST0710,Cagak,33,Male,Sumatera Barat,2025-08-05,532cagak@example.com,834728012,Yes,26-35,2025-08,Not Checked
CUST0711,Putri,32,Female,Papua Barat,2025-08-28,23putri@example.com,84579835662,Yes,26-35,2025-08,Not Checked
CUST0712,Panca,60,Male,Riau,2025-07-02,ihutagalung@example.com,81112062265,Yes,46-60,2025-07,Not Checked
CUST0713,Harjasa,47,Male,Bali,2025-02-22,mahendragina@example.org,886567232085,Yes,46-60,2025-02,Not Checked
CUST0714,Nilam,21,Female,Kalimantan Timur,2025-05-09,rafidhutasoit@example.net,80874483732,Yes,18-25,2025-05,Not Checked
CUST0715,Jane,26,Female,Papua Barat,2024-02-13,jane_31@example.com,876381976,Yes,26-35,2024-02,Not Checked
CUST0716,Kiandra,57,Female,DI Yogyakarta,2025-04-02,241kiandra@example.com,84780209256,Yes,46-60,2025-04,Not Checked
CUST0717,Dewi,42,Female,Jambi,2024-06-13,anggriawanasmadi@example.org,817589292209,Yes,36-45,2024-06,Not Checked
CUST0718,Azalea,40,Female,Jambi,2024-12-23,handayanigandi@example.com,856761900032,Yes,36-45,2024-12,Not Checked
CUST0719,Farhunnisa,45,Female,Kalimantan Timur,2024-09-10,pertiwiumaya@example.net,826855119118,No,36-45,2024-09,Not Checked
CUST0720,Caturangga,21,Male,Nusa Tenggara Barat,2025-06-10,utamiciaobella@example.org,8835787473,Yes,18-25,2025-06,Not Checked
CUST0721,Yessi,28,Female,Jawa Tengah,2025-02-21,kuswandaridalima@example.net,851615395,No,26-35,2025-02,Not Checked
CUST0722,Asirwada,42,Male,Kepulauan Bangka Belitung,2023-11-13,umegantara@example.net,881691858,Yes,36-45,2023-11,Not Checked
CUST0723,Cemani,51,Male,Kepulauan Riau,2025-09-15,opungsantoso@example.org,86797399916,No,46-60,2025-09,Not Checked
CUST0724,Ayu,40,Female,Sulawesi Selatan,2025-03-05,pastuti@example.net,842274101,Yes,36-45,2025-03,Not Checked
CUST0725,Umaya,47,Male,Banten,2024-05-17,wijayaviman@example.net,8417551424,Yes,46-60,2024-05,Not Checked
CUST0726,Irma,31,Female,Kepulauan Riau,2024-04-26,irma_29@example.com,808725645621,No,26-35,2024-04,Not Checked
CUST0727,Kamila,21,Female,Jawa Barat,2025-06-20,putri22@example.org,8071931616,Yes,18-25,2025-06,Not Checked
CUST0728,Oni,21,Female,Nusa Tenggara Barat,2024-10-06,hlestari@example.org,804991340,Yes,18-25,2024-10,Not Checked
CUST0729,Yani,25,Female,Bengkulu,2023-12-25,alika09@example.com,872626166,No,18-25,2023-12,Not Checked
CUST0730,Galur,38,Male,Sumatera Selatan,2024-09-18,galur_37@example.com,80496762480,Yes,36-45,2024-09,Not Checked
CUST0731,Banawi,20,Male,Sumatera Barat,2024-07-04,zulkarnainellis@example.net,899541795,No,18-25,2024-07,Not Checked
CUST0732,Vanya,39,Female,Sulawesi Utara,2025-03-10,inapertiwi@example.net,8765545919,No,36-45,2025-03,Not Checked
CUST0733,Michelle,40,Female,DI Yogyakarta,2024-04-01,budimanparman@example.org,874704018,No,36-45,2024-04,Not Checked
CUST0734,Gamblang,64,Male,Papua Barat,2024-12-15,galuh31@example.net,8678365470,No,60+,2024-12,Not Checked
CUST0735,Shakila,42,Female,Sumatera Barat,2024-01-22,novitasarilukman@example.org,8284446633,No,36-45,2024-01,Not Checked
CUST0736,Dian,43,Female,Kalimantan Tengah,2023-11-17,wulan20@example.net,8672756228,Yes,36-45,2023-11,Check Failed
CUST0737,Citra,25,Female,Kalimantan Tengah,2024-10-11,sarahfirmansyah@example.org,897046833,No,18-25,2024-10,Not Checked
CUST0739,Mulyono,24,Male,Kalimantan Barat,2024-10-31,mulyono_17@example.com,816090025,Yes,18-25,2024-10,Not Checked
CUST0740,Amalia,54,Female,Sulawesi Tengah,2024-11-05,amalia725@example.com,8764210445,Yes,46-60,2024-11,Check Failed
CUST0741,Julia,55,Female,Jawa Barat,2024-11-07,dharyanto@example.com,83962790748,Yes,46-60,2024-11,Not Checked
CUST0742,Cengkal,43,Male,Jawa Tengah,2025-02-05,dodowibisono@example.org,844962659438,Yes,36-45,2025-02,Not Checked
CUST0743,Aisyah,40,Female,Sumatera Utara,2024-11-07,aisyah_93@example.com,858705112293,No,36-45,2024-11,Not Checked
CUST0744,Dalima,28,Female,Lampung,2024-06-03,usimbolon@example.net,823873398,No,26-35,2024-06,Not Checked
CUST0745,Cahyadi,27,Male,Sulawesi Selatan,2025-05-19,cahyadi_58@example.com,856994088547,Yes,26-35,2025-05,Not Checked
CUST0746,Gada,37,Male,Lampung,2024-12-14,dhabibi@example.com,886957090,Yes,36-45,2024-12,Not Checked
CUST0747,Nilam,40,Female,Maluku Utara,2025-04-16,citraprabowo@example.org,86848771857,Yes,36-45,2025-04,Not Checked
CUST0748,Tantri,50,Female,unknown,2024-08-18,tantri_19@example.com,8862206790,Yes,46-60,2024-08,Not Checked
CUST0749,Vinsen,54,Male,Sumatera Utara,2023-10-25,vinsen_51@example.com,877845360932,Yes,46-60,2023-10,Not Checked
CUST0750,Darmana,19,Male,Lampung,2024-06-14,bsuryono@example.com,8188573513,Yes,18-25,2024-06,Not Checked
CUST0751,Harjo,35,Male,Kalimantan Barat,2023-12-28,dartono62@example.net,869852943,Yes,26-35,2023-12,Not Checked
CUST0752,Puput,60,Female,DKI Jakarta,2025-05-16,830puput@example.com,888557859258,No,46-60,2025-05,Not Checked
CUST0753,Lanang,54,Male,Papua,2025-05-19,eandriani@example.net,85464276586,No,46-60,2025-05,Not Checked
CUST0754,Ajiman,32,Male,Kalimantan Tengah,2025-05-14,damarhardiansyah@example.net,8181142457,Yes,26-35,2025-05,Not Checked
CUST0755,Devi,37,Female,Sulawesi Tenggara,2023-12-14,799devi@example.com,8230343825,Yes,36-45,2023-12,Not Checked
CUST0756,Olivia,27,Female,Banten,2024-09-03,650olivia@example.com,876164272623,Yes,26-35,2024-09,Not Checked
CUST0757,Karsa,18,Male,Kalimantan Selatan,2024-02-16,608karsa@example.com,8219248831,No,<18,2024-02,Not Checked
CUST0758,Slamet,40,Male,Kepulauan Bangka Belitung,2024-05-01,mmaryadi@example.org,888518829,No,36-45,2024-05,Not Checked
CUST0759,Zelda,60,Female,unknown,2025-07-14,ndongoran@example.org,866263295,Yes,46-60,2025-07,Not Checked
CUST0760,Safina,34,Female,Sulawesi Barat,2024-06-03,wijayantialika@example.org,8390146803,Yes,26-35,2024-06,Not Checked
CUST0761,Intan,58,Female,Riau,2024-04-22,rusmanrajasa@example.org,8650147872,Yes,46-60,2024-04,Not Checked
CUST0762,Jayeng,43,Male,Sulawesi Tenggara,2024-05-06,jayeng_70@example.com,81210847202,No,36-45,2024-05,Not Checked
CUST0763,Karman,29,Male,Jawa Barat,2024-03-06,818karman@example.com,86039828212,No,26-35,2024-03,Not Checked
CUST0764,Irfan,42,Male,Sulawesi Barat,2024-12-16,irfan_91@example.com,826879745362,No,36-45,2024-12,Not Checked
CUST0765,Among,32,Male,Kepulauan Bangka Belitung,2025-03-31,gamanhutapea@example.com,8915162914,Yes,26-35,2025-03,Not Checked
CUST0766,Putri,60,Female,Kalimantan Selatan,2025-07-10,halimahcager@example.org,8869484756,Yes,46-60,2025-07,Not Checked
CUST0767,Irfan,46,Male,Kepulauan Riau,2025-01-12,irfan_68@example.com,894715081,Yes,46-60,2025-01,Not Checked
CUST0768,Ika,39,Female,Lampung,2025-05-27,luhungsaefullah@example.net,817496131260,Yes,36-45,2025-05,Not Checked
CUST0769,Lidya,21,Female,Bengkulu,2025-04-10,tharyanto@example.org,8022421807,Yes,18-25,2025-04,Not Checked
CUST0770,Bella,29,Female,DKI Jakarta,2024-05-11,winarnofathonah@example.net,88869360227,Yes,26-35,2024-05,Not Checked
CUST0771,Bakianto,51,Male,Maluku,2025-01-02,banara24@example.org,833704233008,Yes,46-60,2025-01,Not Checked
CUST0772,Tania,40,Female,Nusa Tenggara Timur,2024-05-03,tania413@example.com,859532978460,No,36-45,2024-05,Not Checked
CUST0773,Manah,59,Male,Sumatera Barat,2025-04-22,manah_69@example.com,8189245083,Yes,46-60,2025-04,Not Checked
CUST0774,Eka,59,Female,Aceh,2023-11-29,471eka@example.com,895515915,Yes,46-60,2023-11,Not Checked
CUST0775,Tedi,57,Male,unknown,2024-04-27,hartatiwasis@example.net,8833792563,Yes,46-60,2024-04,Not Checked
CUST0776,Nilam,35,Female,Bali,2024-06-22,drahmawati@example.net,8060855706,Yes,26-35,2024-06,Not Checked
CUST0777,Icha,62,Female,Kalimantan Utara,2024-12-11,yhalimah@example.net,81345990329,Yes,60+,2024-12,Not Checked
CUST0778,Embuh,43,Male,Papua,2024-06-02,among30@example.net,8135942920,Yes,36-45,2024-06,Not Checked
CUST0779,Eman,49,Male,Jambi,2025-07-14,eman593@example.com,8674755381,No,46-60,2025-07,Not Checked
CUST0780,Hadi,33,Male,Sulawesi Barat,2023-10-21,hadi_56@example.com,810877392,No,26-35,2023-10,Not Checked
CUST0781,Yance,22,Female,Aceh,2024-05-06,ramadanmartana@example.org,8731207369,Yes,18-25,2024-05,Not Checked
CUST0782,Hardi,61,Male,Papua,2024-04-19,jessicamahendra@example.org,822028772862,No,60+,2024-04,Not Checked
CUST0783,Carla,28,Female,Gorontalo,2024-03-06,rmandasari@example.com,89802412289,Yes,26-35,2024-03,Not Checked
CUST0784,Indah,44,Female,unknown,2024-03-23,tantrirajata@example.net,869219285856,No,36-45,2024-03,Not Checked
CUST0785,Ella,19,Female,Kalimantan Tengah,2025-09-14,habibielon@example.org,8991135536,Yes,18-25,2025-09,Not Checked
CUST0786,Maryanto,58,Male,Jawa Tengah,2024-04-11,tira25@example.net,8805105835,Yes,46-60,2024-04,Not Checked
CUST0787,Tantri,30,Female,Lampung,2025-01-30,yessioktaviani@example.org,8876272379,No,26-35,2025-01,Not Checked
CUST0788,Panca,53,Male,Sulawesi Utara,2023-10-07,mandalairsad@example.net,807605501418,No,46-60,2023-10,Not Checked
CUST0789,Zahra,39,Female,unknown,2024-10-30,agustinaenteng@example.com,8611018654,No,36-45,2024-10,Not Checked
CUST0790,Yance,30,Female,Sulawesi Selatan,2024-10-24,lailasarigaiman@example.com,894545524276,Yes,26-35,2024-10,Not Checked
CUST0791,Harjo,44,Male,Papua,2024-05-09,jinawizulaika@example.com,804008186,Yes,36-45,2024-05,Not Checked
CUST0792,Paiman,22,Male,DKI Jakarta,2023-10-07,cahyo81@example.net,807856715,Yes,18-25,2023-10,Not Checked
CUST0793,Zalindra,27,Female,Kepulauan Bangka Belitung,2024-11-10,rinijailani@example.com,858144790,Yes,26-35,2024-11,Not Checked
CUST0794,Irsad,43,Male,Sulawesi Tenggara,2024-02-18,76irsad@example.com,87412970276,No,36-45,2024-02,Not Checked
CUST0795,Cindy,33,Female,Nusa Tenggara Timur,2024-07-03,firgantorojinawi@example.org,879694495,Yes,26-35,2024-07,Not Checked
CUST0796,Kartika,54,Female,Kalimantan Selatan,2024-02-21,siregarhasta@example.com,872790807544,No,46-60,2024-02,Not Checked
CUST0797,Kayun,23,Male,Jawa Timur,2025-04-22,eprasetya@example.org,803884526,Yes,18-25,2025-04,Not Checked
CUST0798,Tami,47,Female,Kalimantan Timur,2024-03-11,tami657@example.com,872205052,Yes,46-60,2024-03,Not Checked
CUST0799,Ratna,28,Female,Jawa Timur,2024-11-28,latika64@example.com,87084871353,Yes,26-35,2024-11,Not Checked
CUST0800,Jagaraga,41,Male,Bengkulu,2024-08-19,laraswijaya@example.org,85760582857,No,36-45,2024-08,Not Checked
CUST0801,Lukita,50,Male,Bali,2024-04-23,unggul18@example.com,822523305165,Yes,46-60,2024-04,Not Checked
CUST0802,Karen,46,Female,Kalimantan Selatan,2024-12-26,197karen@example.com,830127543,Yes,46-60,2024-12,Not Checked
CUST0803,Gabriella,55,Female,Nusa Tenggara Timur,2025-08-13,bsantoso@example.com,855135196,Yes,46-60,2025-08,Not Checked
CUST0804,Latika,49,Female,Jawa Timur,2024-07-25,jumari71@example.org,80501083075,Yes,46-60,2024-07,Not Checked
CUST0805,Wahyu,59,Male,Kepulauan Riau,2024-07-16,wahyu572@example.com,83883908996,No,46-60,2024-07,Not Checked
CUST0806,Vicky,29,Female,Sumatera Selatan,2025-02-16,qorinapitupulu@example.net,869329753,Yes,26-35,2025-02,Not Checked
CUST0807,Cayadi,34,Male,Papua Barat,2024-08-05,61cayadi@example.com,829097499,No,26-35,2024-08,Not Checked
CUST0808,Ifa,52,Female,Papua Barat,2025-07-21,ifa523@example.com,865214877,Yes,46-60,2025-07,Not Checked
CUST0809,Wasis,31,Male,Sulawesi Barat,2025-06-23,belindaramadan@example.com,855320071,No,26-35,2025-06,Not Checked
CUST0810,Jayeng,43,Male,Jambi,2023-11-24,eyuniar@example.org,855957372,Yes,36-45,2023-11,Not Checked
CUST0811,Nilam,48,Female,Kalimantan Barat,2025-08-02,hasnauwais@example.org,82375631588,Yes,46-60,2025-08,Not Checked
CUST0812,Halim,44,Male,Kalimantan Utara,2025-06-21,halim_85@example.com,8331134183,Yes,36-45,2025-06,Not Checked
CUST0813,Nabila,60,Female,DI Yogyakarta,2024-08-06,jarwa62@example.com,866139326,Yes,46-60,2024-08,Not Checked
CUST0814,Viman,63,Male,Kalimantan Utara,2025-08-04,inasyiah@example.org,8354650290,No,60+,2025-08,Not Checked
CUST0815,Michelle,20,Female,Riau,2024-10-14,michelle910@example.com,864300262,No,18-25,2024-10,Not Checked
CUST0816,Melinda,64,Female,Banten,2023-11-12,11melinda@example.com,859852123933,Yes,60+,2023-11,Not Checked
CUST0817,Syahrini,63,Female,Nusa Tenggara Timur,2024-06-26,pratamagatra@example.net,8875898692,Yes,60+,2024-06,Not Checked
CUST0818,Sabar,43,Male,Papua Barat,2024-12-12,melindanarpati@example.org,81276584519,Yes,36-45,2024-12,Not Checked
CUST0819,Mulya,53,Male,Papua,2024-02-13,mulya_72@example.com,8398216452,Yes,46-60,2024-02,Not Checked
CUST0820,Raihan,48,Male,Aceh,2024-09-01,warta50@example.com,8669427842,Yes,46-60,2024-09,Not Checked
CUST0821,Nilam,48,Female,Jawa Timur,2024-03-14,yulia90@example.net,858872748830,Yes,46-60,2024-03,Not Checked
CUST0822,Febi,56,Female,Lampung,2024-06-15,febi_15@example.com,845251267113,Yes,46-60,2024-06,Not Checked
CUST0823,Drajat,48,Male,Kalimantan Timur,2023-12-27,setiawannasim@example.net,82065914060,No,46-60,2023-12,Not Checked
CUST0824,Kawaya,45,Male,Sumatera Barat,2024-04-08,pzulkarnain@example.com,830332335658,Yes,36-45,2024-04,Not Checked
CUST0825,Erik,28,Male,Kalimantan Timur,2024-02-29,narpaticayadi@example.org,863247452,Yes,26-35,2024-02,Not Checked
CUST0826,Pia,33,Female,Kalimantan Utara,2024-04-11,533pia@example.com,823875757,Yes,26-35,2024-04,Not Checked
CUST0827,Iriana,56,Female,Banten,2024-04-12,gaimannababan@example.com,8796150235,Yes,46-60,2024-04,Not Checked
CUST0828,Rini,39,Female,Sulawesi Utara,2024-07-07,rini630@example.com,883661568528,Yes,36-45,2024-07,Not Checked
CUST0829,Dewi,65,Female,Sumatera Utara,2024-09-08,vivimaulana@example.com,8599983545,Yes,60+,2024-09,Not Checked
CUST0830,Faizah,40,Female,Sumatera Utara,2025-06-10,susantimarsudi@example.org,8213605722,Yes,36-45,2025-06,Not Checked
CUST0831,Kasiyah,56,Female,Kalimantan Barat,2023-11-03,novamahendra@example.com,871439104,Yes,46-60,2023-11,Not Checked
CUST0832,Ida,50,Female,Bali,2024-11-04,suartiniharimurti@example.org,8593807183,Yes,46-60,2024-11,Not Checked
CUST0833,Cager,45,Male,Sulawesi Utara,2024-01-16,cager_96@example.com,875205918,Yes,36-45,2024-01,Not Checked
CUST0834,Marwata,36,Male,Kepulauan Riau,2025-09-20,yuliartikunthara@example.com,8397261952,Yes,36-45,2025-09,Not Checked
CUST0835,Raisa,64,Female,Kalimantan Barat,2024-11-24,982raisa@example.com,8230549642,No,60+,2024-11,Not Checked
CUST0836,Mahfud,38,Male,Riau,2025-07-21,kasusra28@example.com,832255251,Yes,36-45,2025-07,Not Checked
CUST0837,Novi,49,Female,Nusa Tenggara Barat,2024-07-14,novi_55@example.com,8856031811,Yes,46-60,2024-07,Not Checked
CUST0838,Ratih,30,Female,Sumatera Utara,2023-09-25,fitria10@example.com,8559069198,Yes,26-35,2023-09,Not Checked
CUST0839,Panca,58,Male,Kepulauan Riau,2025-06-27,mnuraini@example.net,806628082,No,46-60,2025-06,Not Checked
CUST0840,Galar,27,Male,Jambi,2024-05-03,galar_38@example.com,861223351,Yes,26-35,2024-05,Not Checked
CUST0841,Ciaobella,60,Female,Nusa Tenggara Barat,2024-10-02,bambang40@example.org,845143427,Yes,46-60,2024-10,Not Checked
CUST0842,Gabriella,30,Female,unknown,2024-08-08,rezasihotang@example.net,879151819,No,26-35,2024-08,Not Checked
CUST0843,Lidya,43,Female,Maluku Utara,2024-02-28,dwimayasari@example.net,8103026968,Yes,36-45,2024-02,Not Checked
CUST0844,Hani,28,Female,Kepulauan Bangka Belitung,2024-03-17,hani996@example.com,8993009032,Yes,26-35,2024-03,Not Checked
CUST0845,Parman,31,Male,Papua,2023-11-24,yfirmansyah@example.net,834554940085,Yes,26-35,2023-11,Not Checked
CUST0846,Sarah,21,Female,Nusa Tenggara Barat,2024-04-21,sarah_9@example.com,8701575805,Yes,18-25,2024-04,Not Checked
CUST0847,Kunthara,50,Male,Bengkulu,2024-11-29,279kunthara@example.com,8926401344,Yes,46-60,2024-11,Not Checked
CUST0848,Kania,49,Female,Maluku,2025-01-31,kania854@example.com,85670442371,Yes,46-60,2025-01,Not Checked
CUST0849,Tirta,18,Male,Aceh,2024-03-21,tirta90@example.com,868087195436,Yes,<18,2024-03,Not Checked
CUST0850,Prayitna,43,Male,unknown,2024-12-18,narjisaputra@example.org,844800866,No,36-45,2024-12,Not Checked
CUST0851,Zelda,60,Female,Bali,2024-09-10,zelda622@example.com,898867165,Yes,46-60,2024-09,Not Checked
CUST0852,Titin,34,Female,Kalimantan Tengah,2024-12-25,titin49@example.com,822152527,Yes,26-35,2024-12,Not Checked
CUST0853,Zelda,21,Female,Bengkulu,2024-03-27,oskardabukke@example.org,815777376,Yes,18-25,2024-03,Not Checked
CUST0854,Restu,54,Female,Papua Barat,2023-12-05,restu_3@example.com,8691945878,Yes,46-60,2023-12,Not Checked
CUST0855,Hasna,50,Female,Bengkulu,2024-02-16,hasna_56@example.com,846891616,No,46-60,2024-02,Not Checked
CUST0856,Hasna,24,Female,Maluku Utara,2023-11-26,tadriansyah@example.org,895047014,Yes,18-25,2023-11,Not Checked
CUST0857,Jamalia,40,Female,Kalimantan Timur,2024-08-14,mfirgantoro@example.org,866237363,Yes,36-45,2024-08,Not Checked
CUST0858,Karen,23,Female,Riau,2024-11-14,bahuwarna44@example.net,812614188697,Yes,18-25,2024-11,Not Checked
CUST0859,Jefri,29,Male,Papua Barat,2023-11-08,shutapea@example.org,851668585083,Yes,26-35,2023-11,Not Checked
CUST0861,Jaya,52,Male,Kepulauan Riau,2024-03-24,shastuti@example.org,819455865,Yes,46-60,2024-03,Not Checked
CUST0862,Gawati,18,Female,unknown,2024-01-16,gawati_15@example.com,813401534509,No,<18,2024-01,Not Checked
CUST0863,Gaduh,19,Male,Kepulauan Bangka Belitung,2023-11-25,pratiwiharsana@example.org,899151747,Yes,18-25,2023-11,Not Checked
CUST0864,Gina,33,Female,Bali,2024-07-23,siska37@example.com,821981486806,No,26-35,2024-07,Not Checked
CUST0865,Elvin,56,Male,Jawa Barat,2025-06-11,danu77@example.net,85195272169,No,46-60,2025-06,Not Checked
CUST0866,Caturangga,48,Male,Nusa Tenggara Barat,2024-08-27,kenari87@example.com,835525756,No,46-60,2024-08,Not Checked
CUST0867,Rama,20,Male,Sumatera Utara,2025-04-06,embuh96@example.com,8036210068,Yes,18-25,2025-04,Not Checked
CUST0868,Oliva,62,Female,Kalimantan Timur,2024-04-27,kasiyahmaheswara@example.org,832881115612,Yes,60+,2024-04,Not Checked
CUST0869,Damar,26,Male,DKI Jakarta,2024-03-17,hwaluyo@example.org,834532938,Yes,26-35,2024-03,Not Checked
CUST0870,Fathonah,44,Female,Sulawesi Utara,2023-12-08,whidayat@example.org,848899185,Yes,36-45,2023-12,Not Checked
CUST0871,Raina,19,Female,Jawa Tengah,2025-07-10,raina_23@example.com,82563159262,Yes,18-25,2025-07,Not Checked
CUST0872,Yahya,31,Male,Sulawesi Barat,2024-05-10,jumadiwibisono@example.org,85971790746,No,26-35,2024-05,Not Checked
CUST0873,Halima,61,Female,Aceh,2024-05-10,halima_97@example.com,870470819335,Yes,60+,2024-05,Not Checked
CUST0874,Calista,57,Female,Sulawesi Selatan,2025-04-07,calista731@example.com,883733029943,Yes,46-60,2025-04,Not Checked
CUST0875,Opung,23,Male,Bali,2024-12-15,zwibowo@example.net,8562422845,Yes,18-25,2024-12,Not Checked
CUST0876,Jinawi,33,Male,Gorontalo,2023-11-13,jinawi_13@example.com,824813794104,Yes,26-35,2023-11,Not Checked
CUST0877,Nilam,28,Female,Papua,2024-08-07,nmulyani@example.com,8363534943,Yes,26-35,2024-08,Not Checked
CUST0878,Warsita,48,Male,Maluku,2024-04-18,edi31@example.org,80405869496,Yes,46-60,2024-04,Not Checked
CUST0879,Julia,62,Female,Banten,2024-03-13,gamani00@example.org,853696212,No,60+,2024-03,Not Checked
CUST0880,Eja,31,Male,Riau,2024-05-21,eja_30@example.com,801586680322,Yes,26-35,2024-05,Not Checked
CUST0881,Putri,30,Female,Kepulauan Bangka Belitung,2025-08-15,711putri@example.com,86378169110,No,26-35,2025-08,Not Checked
CUST0882,Among,33,Male,Maluku,2024-12-20,among467@example.com,81723450913,Yes,26-35,2024-12,Not Checked
CUST0883,Citra,27,Female,Papua,2024-10-04,maryadisalsabila@example.com,803854312672,No,26-35,2024-10,Not Checked
CUST0884,Yance,44,Female,Sumatera Selatan,2025-02-23,liman86@example.com,806185421,Yes,36-45,2025-02,Not Checked
CUST0885,Ridwan,54,Male,Jawa Timur,2024-06-07,15ridwan@example.com,8376158167,Yes,46-60,2024-06,Not Checked
CUST0886,Oni,20,Female,Sulawesi Selatan,2024-09-29,zahrapradipta@example.org,841227171229,Yes,18-25,2024-09,Not Checked
CUST0887,Virman,43,Male,unknown,2025-08-29,shaniamustofa@example.com,83833992395,Yes,36-45,2025-08,Not Checked
CUST0888,Gandewa,43,Male,Sulawesi Tengah,2024-04-08,gandewa469@example.com,87050617081,Yes,36-45,2024-04,Not Checked
CUST0889,Sakura,46,Female,Papua Barat,2024-05-13,sakura508@example.com,845051910,No,46-60,2024-05,Not Checked
CUST0890,Ophelia,27,Female,Sumatera Barat,2024-08-26,wahyudinkariman@example.org,843903111,Yes,26-35,2024-08,Not Checked
CUST0891,Ajiono,43,Male,Sulawesi Tenggara,2024-11-27,wahyunicemplunk@example.net,836503634174,No,36-45,2024-11,Not Checked
CUST0892,Ridwan,47,Male,Kalimantan Barat,2025-02-10,139ridwan@example.com,80495190403,Yes,46-60,2025-02,Not Checked
CUST0893,Anastasia,26,Female,Kepulauan Bangka Belitung,2025-07-22,anastasia500@example.com,844993478617,Yes,26-35,2025-07,Not Checked
CUST0894,Lintang,32,Female,Papua Barat,2024-04-19,lanangbudiman@example.net,803021703792,Yes,26-35,2024-04,Not Checked
CUST0895,Paramita,48,Female,Nusa Tenggara Timur,2024-02-18,paramita@example.com,83325253422,No,46-60,2024-02,Not Checked
CUST0896,Radika,29,Male,Sulawesi Tenggara,2025-04-15,751radika@example.com,824933177010,Yes,26-35,2025-04,Not Checked
CUST0897,Mahdi,62,Male,Sumatera Utara,2025-02-27,bajragin07@example.com,8148031092,No,60+,2025-02,Not Checked
CUST0898,Kiandra,34,Female,Banten,2024-07-11,ulya44@example.org,831333000,Yes,26-35,2024-07,Not Checked
CUST0899,Caket,58,Male,Banten,2023-10-23,3caket@example.com,869176742,Yes,46-60,2023-10,Not Checked
CUST0900,Winda,19,Female,Riau,2023-11-04,fhartati@example.com,868496050,No,18-25,2023-11,Not Checked
CUST0901,Prima,21,Male,Jawa Timur,2025-01-31,yunita49@example.org,80536557106,Yes,18-25,2025-01,Not Checked
CUST0902,Viktor,53,Male,Bali,2024-10-03,viktor831@example.com,87104702429,Yes,46-60,2024-10,Not Checked
CUST0903,Ilsa,24,Female,Banten,2024-06-26,75ilsa@example.com,873105479862,Yes,18-25,2024-06,Not Checked
CUST0904,Dewi,28,Female,Sumatera Utara,2024-04-03,jmelani@example.com,83567852065,Yes,26-35,2024-04,Not Checked
CUST0905,Raihan,34,Male,Kalimantan Tengah,2024-05-05,dwibowo@example.org,8665366629,Yes,26-35,2024-05,Not Checked
CUST0906,Damu,23,Male,Sulawesi Tengah,2024-06-27,laksmiwatirachel@example.org,864952670823,Yes,18-25,2024-06,Not Checked
CUST0907,Hasim,39,Male,Riau,2024-11-03,800hasim@example.com,828388519256,Yes,36-45,2024-11,Not Checked
CUST0908,Karta,32,Male,Sulawesi Selatan,2024-12-19,rahayu46@example.org,821509828,Yes,26-35,2024-12,Not Checked
CUST0909,Balamantri,56,Male,Maluku,2024-09-16,466balamantri@example.com,8229726805,No,46-60,2024-09,Not Checked
CUST0910,Raina,30,Female,Kalimantan Tengah,2024-09-29,cengkirmulyani@example.com,856349572,Yes,26-35,2024-09,Not Checked
CUST0911,Padmi,37,Female,Nusa Tenggara Timur,2025-08-02,anggrainiira@example.org,805601306275,No,36-45,2025-08,Not Checked
CUST0912,Jaga,35,Male,Kepulauan Bangka Belitung,2024-04-01,habibilaksana@example.org,884796375,No,26-35,2024-04,Not Checked
CUST0913,Nilam,40,Female,Jawa Timur,2025-02-19,pranowoellis@example.org,844021480822,No,36-45,2025-02,Not Checked
CUST0914,Gasti,58,Female,Nusa Tenggara Timur,2024-12-08,gasti24@example.com,872252026,Yes,46-60,2024-12,Not Checked
CUST0915,Lala,51,Female,Maluku,2024-06-02,lala643@example.com,86812648671,Yes,46-60,2024-06,Not Checked
CUST0916,Wakiman,26,Male,Aceh,2025-06-11,sitompulsyahrini@example.net,875257407,No,26-35,2025-06,Not Checked
CUST0917,Uli,40,Female,Kepulauan Bangka Belitung,2024-09-28,uli_32@example.com,809566847541,Yes,36-45,2024-09,Not Checked
CUST0918,Zaenab,39,Female,Gorontalo,2025-08-16,ikhsannasyidah@example.com,8460479581,No,36-45,2025-08,Not Checked
CUST0919,Aurora,26,Female,Sumatera Selatan,2023-10-11,52aurora@example.com,8604199827,No,26-35,2023-10,Not Checked
CUST0920,Zalindra,49,Female,Kalimantan Tengah,2024-10-17,halimahamelia@example.com,880376144,Yes,46-60,2024-10,Not Checked
CUST0921,Clara,26,Female,Jawa Tengah,2023-10-30,clara487@example.com,877898478,Yes,26-35,2023-10,Not Checked
CUST0922,Pardi,41,Male,Sulawesi Barat,2025-03-19,707pardi@example.com,8057723645,No,36-45,2025-03,Not Checked
CUST0923,Nadia,35,Female,Kepulauan Riau,2024-09-01,hutagalungprasetyo@example.net,86101490408,Yes,26-35,2024-09,Not Checked
CUST0924,Dacin,58,Male,Sulawesi Tenggara,2025-05-30,942dacin@example.com,8665610528,Yes,46-60,2025-05,Not Checked
CUST0925,Muhammad,28,Male,Sulawesi Utara,2023-09-24,muhammad664@example.com,8131879171,Yes,26-35,2023-09,Not Checked
CUST0926,Cager,64,Male,Bengkulu,2025-01-06,cager854@example.com,835579190357,Yes,60+,2025-01,Not Checked
CUST0927,Pranawa,32,Male,Kalimantan Barat,2025-04-06,bmardhiyah@example.com,805543870,Yes,26-35,2025-04,Not Checked
CUST0928,Karsa,38,Male,Jawa Tengah,2025-06-14,karsa330@example.com,888086481,Yes,36-45,2025-06,Not Checked
CUST0929,Koko,35,Male,Lampung,2025-06-24,koko_35@example.com,89190155890,Yes,26-35,2025-06,Not Checked
CUST0930,Julia,44,Female,Banten,2025-07-30,835julia@example.com,87889413321,No,36-45,2025-07,Not Checked
CUST0931,Vanya,39,Female,Maluku,2025-03-03,jabal89@example.com,831487955298,Yes,36-45,2025-03,Not Checked
CUST0932,Hesti,48,Female,Kepulauan Riau,2024-05-01,utamabudiyanto@example.com,828353142200,No,46-60,2024-05,Not Checked
CUST0933,Wadi,54,Male,Sumatera Barat,2024-11-22,813wadi@example.com,8634585677,No,46-60,2024-11,Not Checked
CUST0934,Jessica,41,Female,Jambi,2023-10-08,gunawanprabu@example.net,859691156715,No,36-45,2023-10,Not Checked
CUST0935,Dinda,56,Female,Maluku,2024-11-09,453dinda@example.com,8856389785,Yes,46-60,2024-11,Not Checked
CUST0936,Jaiman,62,Male,unknown,2024-05-06,napitupuludarsirah@example.com,8982461298,Yes,60+,2024-05,Not Checked
CUST0937,Hani,28,Female,Papua Barat,2025-03-25,yani98@example.org,8928754900,No,26-35,2025-03,Not Checked
CUST0938,Dipa,43,Male,unknown,2024-10-01,7dipa@example.com,818949963,No,36-45,2024-10,Not Checked
CUST0939,Gadang,24,Male,Banten,2025-05-07,indah20@example.net,8039324448,Yes,18-25,2025-05,Not Checked
CUST0940,Shania,19,Female,Jawa Timur,2024-11-03,ibunsimbolon@example.org,83058015724,Yes,18-25,2024-11,Not Checked
CUST0941,Zelda,21,Female,Sulawesi Tenggara,2025-02-01,zelda_34@example.com,807520403,Yes,18-25,2025-02,Not Checked
CUST0942,Upik,47,Male,Sumatera Barat,2025-07-29,emaryadi@example.com,836323789523,Yes,46-60,2025-07,Not Checked
CUST0943,Erik,56,Male,Sumatera Barat,2023-11-29,erik_14@example.com,832420153037,Yes,46-60,2023-11,Not Checked
CUST0944,Asmadi,45,Male,Riau,2024-01-21,asmadi_83@example.com,828124779,Yes,36-45,2024-01,Not Checked
CUST0945,Pangeran,33,Male,Papua Barat,2025-08-26,532pangeran@example.com,891399580,No,26-35,2025-08,Not Checked
CUST0946,Gawati,55,Female,Sulawesi Barat,2023-09-25,marsudiprakasa@example.net,82645313008,Yes,46-60,2023-09,Not Checked
CUST0947,Mustika,28,Male,Kalimantan Tengah,2024-09-01,mustika752@example.com,827238646033,No,26-35,2024-09,Not Checked
CUST0948,Kariman,32,Male,Maluku,2023-11-16,jsetiawan@example.org,87680211343,Yes,26-35,2023-11,Not Checked
CUST0949,Ifa,40,Female,unknown,2025-02-10,irmajanuar@example.net,840186423,Yes,36-45,2025-02,Not Checked
CUST0950,Danang,51,Male,Nusa Tenggara Timur,2025-07-10,danang_14@example.com,8751881441,Yes,46-60,2025-07,Not Checked
CUST0951,Irsad,37,Male,Maluku Utara,2025-03-21,novi38@example.net,847859037944,Yes,36-45,2025-03,Not Checked
CUST0952,Hamima,40,Female,Sumatera Barat,2025-03-18,hamima_31@example.com,827321819680,Yes,36-45,2025-03,Not Checked
CUST0953,Xanana,31,Male,DI Yogyakarta,2024-03-10,prasetyoemil@example.org,805791917532,No,26-35,2024-03,Not Checked
CUST0954,Hana,37,Female,Maluku,2024-07-03,hestimandasari@example.com,845908683281,No,36-45,2024-07,Not Checked
CUST0955,Dirja,44,Male,Riau,2024-10-07,ganggraini@example.net,885763980,Yes,36-45,2024-10,Not Checked
CUST0956,Ella,29,Female,DKI Jakarta,2023-12-10,ella_68@example.com,840022195,Yes,26-35,2023-12,Not Checked
CUST0957,Saadat,25,Male,Sumatera Selatan,2024-04-20,48saadat@example.com,815144047223,Yes,18-25,2024-04,Not Checked
CUST0958,Muni,59,Male,Sulawesi Utara,2025-07-13,gunawanjaiman@example.net,85629860615,Yes,46-60,2025-07,Not Checked
CUST0959,Novi,26,Female,Jawa Timur,2024-11-02,118novi@example.com,858132913,Yes,26-35,2024-11,Not Checked
CUST0960,Wardaya,38,Male,Kalimantan Barat,2025-05-24,phasanah@example.com,845528256,Yes,36-45,2025-05,Not Checked
CUST0961,Dewi,24,Female,Kepulauan Bangka Belitung,2025-04-18,suryonohana@example.net,896548600,Yes,18-25,2025-04,Not Checked
CUST0962,Cahya,39,Male,Sumatera Utara,2025-08-30,putripratiwi@example.net,85658994646,No,36-45,2025-08,Not Checked
CUST0963,Novi,56,Female,DKI Jakarta,2024-06-30,znasyidah@example.net,8143244197,Yes,46-60,2024-06,Not Checked
CUST0964,Yance,40,Female,Papua Barat,2023-10-02,yance_14@example.com,8056592022,Yes,36-45,2023-10,Not Checked
CUST0965,Arta,58,Male,Sulawesi Utara,2024-05-29,entengpertiwi@example.org,863261008472,Yes,46-60,2024-05,Not Checked
CUST0966,Wakiman,35,Male,Jawa Tengah,2024-02-01,wakiman11@example.com,889934976767,No,26-35,2024-02,Not Checked
CUST0967,Talia,20,Female,Sumatera Barat,2025-08-01,talia_26@example.com,873415121658,No,18-25,2025-08,Not Checked
CUST0968,Irma,36,Female,unknown,2024-03-19,irma242@example.com,836733261166,Yes,36-45,2024-03,Not Checked
CUST0969,Sabrina,21,Female,Maluku,2025-09-19,mustikaprasasta@example.com,8779287014,Yes,18-25,2025-09,Not Checked
CUST0970,Gawati,45,Female,DI Yogyakarta,2025-02-21,gawati227@example.com,85186013271,Yes,36-45,2025-02,Not Checked
CUST0971,Zulaikha,30,Female,Sulawesi Barat,2024-05-17,642zulaikha@example.com,869128445,No,26-35,2024-05,Not Checked
CUST0972,Salimah,45,Female,Kalimantan Utara,2025-05-02,keishajanuar@example.com,808614399536,Yes,36-45,2025-05,Not Checked
CUST0973,Maman,21,Male,Lampung,2024-09-21,190maman@example.com,8057344812,Yes,18-25,2024-09,Not Checked
CUST0974,Pia,46,Female,Papua Barat,2025-03-15,winarnomahmud@example.org,8679130595,Yes,46-60,2025-03,Not Checked
CUST0975,Gatra,29,Male,Aceh,2024-05-26,putraajeng@example.org,8797172385,Yes,26-35,2024-05,Not Checked
CUST0976,Vino,43,Male,Kepulauan Riau,2025-09-13,189vino@example.com,898203519355,Yes,36-45,2025-09,Not Checked
CUST0977,Ani,40,Female,Kepulauan Bangka Belitung,2023-11-08,ani_59@example.com,828902780,Yes,36-45,2023-11,Not Checked
CUST0978,Ade,62,Male,Sulawesi Barat,2025-02-08,danujasusanti@example.org,8632126043,Yes,60+,2025-02,Not Checked
CUST0979,Rina,23,Female,Gorontalo,2024-09-29,mahfudpuspita@example.org,872055831592,Yes,18-25,2024-09,Not Checked
CUST0980,Michelle,18,Female,Sumatera Barat,2024-07-09,668michelle@example.com,8060027190,No,<18,2024-07,Not Checked
CUST0981,Padmi,18,Female,Nusa Tenggara Barat,2024-08-02,kadriansyah@example.net,874559176,Yes,<18,2024-08,Not Checked
CUST0982,Luwes,49,Male,Kalimantan Tengah,2025-08-19,rahmat59@example.net,88157833306,Yes,46-60,2025-08,Not Checked
CUST0983,Puput,35,Female,Sulawesi Utara,2024-07-30,cahyantoputra@example.com,872092982910,Yes,26-35,2024-07,Not Checked
CUST0984,Empluk,29,Male,unknown,2024-06-29,empluk_60@example.com,869492341,No,26-35,2024-06,Not Checked
CUST0985,Nugraha,53,Male,Bali,2025-06-15,qlailasari@example.com,818235166,Yes,46-60,2025-06,Not Checked
CUST0986,Wisnu,54,Male,Sulawesi Tengah,2025-06-25,dnurdiyanti@example.org,87006634411,Yes,46-60,2025-06,Not Checked
CUST0987,Ida,30,Female,DI Yogyakarta,2023-11-11,prastutigandi@example.org,8831770028,No,26-35,2023-11,Not Checked
CUST0988,Nasim,44,Male,Gorontalo,2024-01-18,nasim_59@example.com,865863136509,Yes,36-45,2024-01,Not Checked
CUST0989,Kala,43,Male,Riau,2025-03-01,opangestu@example.com,817697286,Yes,36-45,2025-03,Not Checked
CUST0990,Vanesa,32,Female,Nusa Tenggara Timur,2024-08-22,latif73@example.net,8419971050,Yes,26-35,2024-08,Not Checked
CUST0991,Irfan,46,Male,Kepulauan Bangka Belitung,2025-05-18,wijayantisilvia@example.org,8603417341,Yes,46-60,2025-05,Not Checked
CUST0992,Umaya,49,Male,Sumatera Utara,2024-08-26,emaryati@example.org,883012408,Yes,46-60,2024-08,Not Checked
CUST0993,Cawuk,44,Male,Jawa Barat,2024-12-29,cawuk_51@example.com,874758803495,No,36-45,2024-12,Not Checked
CUST0994,Rahmi,48,Female,Kepulauan Bangka Belitung,2024-11-05,27rahmi@example.com,89507251945,Yes,46-60,2024-11,Not Checked
CUST0995,Waluyo,56,Male,DI Yogyakarta,2024-02-04,karya45@example.net,8591312671,Yes,46-60,2024-02,Not Checked
CUST0996,Vinsen,47,Male,Bengkulu,2024-06-09,ibrani64@example.org,8585892932,Yes,46-60,2024-06,Not Checked
CUST0997,Ulya,59,Female,Sulawesi Utara,2024-06-23,putri15@example.com,81976792782,Yes,46-60,2024-06,Not Checked
CUST0998,Dina,41,Female,DKI Jakarta,2025-01-01,dina912@example.com,85499775196,Yes,36-45,2025-01,Not Checked
CUST0999,Yahya,63,Male,Kalimantan Timur,2023-12-12,chartati@example.net,8912787724,No,60+,2023-12,Not Checked
CUST1000,Olga,25,Male,Banten,2025-02-21,olga_89@example.com,899714462,Yes,18-25,2025-02,Not Checked
